Location,found,within:,Charleston
Username:,ABCNews4
Tweet,Id:,156903578232041472
Created,at:,2012-01-11 01:01:42 UTC
Location,found,within:,Charleston
Username:,Live5News
Tweet,Id:,156903589636341760
Created,at:,2012-01-11 01:01:45 UTC
Location,found,within:,Charleston
Username:,willhaynie
Tweet,Id:,156903907686223872
Created,at:,2012-01-11 01:03:01 UTC
Location,found,within:,Charleston
Username:,Curthiott
Tweet,Id:,156904678792232960
Created,at:,2012-01-11 01:06:05 UTC
Location,found,within:,Charleston
Username:,postandcourier
Tweet,Id:,156904844848939009
Created,at:,2012-01-11 01:06:44 UTC
Location,found,within:,Charleston
Username:,CabbageTV
Tweet,Id:,156905147786739712
Created,at:,2012-01-11 01:07:57 UTC
Location,found,within:,Charleston
Username:,999draW
Tweet,Id:,156905202677592064
Created,at:,2012-01-11 01:08:10 UTC
Location,found,within:,Charleston
Username:,EvelynFernandez
Tweet,Id:,156905434530332672
Created,at:,2012-01-11 01:09:05 UTC
Location,found,within:,Charleston
Username:,BrinMcNair
Tweet,Id:,156905725594054656
Created,at:,2012-01-11 01:10:14 UTC
Location,found,within:,Charleston
Username:,Live5News
Tweet,Id:,156906036022870017
Created,at:,2012-01-11 01:11:28 UTC
Location,found,within:,Charleston
Username:,jimsmith1313
Tweet,Id:,156906089957441536
Created,at:,2012-01-11 01:11:41 UTC
Location,found,within:,Charleston
Username:,eikonklast
Tweet,Id:,156907462258196480
Created,at:,2012-01-11 01:17:08 UTC
Location,found,within:,Charleston
Username:,cpiedmo
Tweet,Id:,156907489286307841
Created,at:,2012-01-11 01:17:15 UTC
Location,found,within:,Charleston
Username:,cpiedmo
Tweet,Id:,156907649387077633
Created,at:,2012-01-11 01:17:53 UTC
Location,found,within:,Charleston
Username:,CharlestonShop
Tweet,Id:,156908291988008961
Created,at:,2012-01-11 01:20:26 UTC
Location,found,within:,Charleston
Username:,CharlestonShop
Tweet,Id:,156908828120727552
Created,at:,2012-01-11 01:22:34 UTC
Location,found,within:,Charleston
Username:,bduggins
Tweet,Id:,156908842318434304
Created,at:,2012-01-11 01:22:37 UTC
Location,found,within:,Charleston
Username:,USAforGod
Tweet,Id:,156909782819799042
Created,at:,2012-01-11 01:26:22 UTC
Location,found,within:,Charleston
Username:,TylerMJones
Tweet,Id:,156910253668175873
Created,at:,2012-01-11 01:28:14 UTC
Location,found,within:,Charleston
Username:,GPHemsley
Tweet,Id:,156910422199504896
Created,at:,2012-01-11 01:28:54 UTC
Location,found,within:,Charleston
Username:,UConnGeorge
Tweet,Id:,156911131351465984
Created,at:,2012-01-11 01:31:43 UTC
Location,found,within:,Charleston
Username:,999draW
Tweet,Id:,156911554716119042
Created,at:,2012-01-11 01:33:24 UTC
Location,found,within:,Charleston
Username:,gustavocnn
Tweet,Id:,156911817321480192
Created,at:,2012-01-11 01:34:27 UTC
Location,found,within:,Charleston
Username:,willhaynie
Tweet,Id:,156911893401972736
Created,at:,2012-01-11 01:34:45 UTC
Location,found,within:,Charleston
Username:,phoriginals
Tweet,Id:,156911964315074561
Created,at:,2012-01-11 01:35:02 UTC
Location,found,within:,Charleston
Username:,postandcourier
Tweet,Id:,156912070288351232
Created,at:,2012-01-11 01:35:27 UTC
Location,found,within:,Charleston
Username:,bduggins
Tweet,Id:,156912157659889664
Created,at:,2012-01-11 01:35:48 UTC
Location,found,within:,Charleston
Username:,cpiedmo
Tweet,Id:,156912249338998784
Created,at:,2012-01-11 01:36:10 UTC
Location,found,within:,Charleston
Username:,AmericasRight
Tweet,Id:,156912471658070016
Created,at:,2012-01-11 01:37:03 UTC
Location,found,within:,Charleston
Username:,AmericasRight
Tweet,Id:,156912737765699585
Created,at:,2012-01-11 01:38:06 UTC
Location,found,within:,Charleston
Username:,sMOTTah
Tweet,Id:,156912803511410688
Created,at:,2012-01-11 01:38:22 UTC
Location,found,within:,Charleston
Username:,StromMcCallum
Tweet,Id:,156913025796943872
Created,at:,2012-01-11 01:39:15 UTC
Location,found,within:,Charleston
Username:,ABCNews4
Tweet,Id:,156913196505116672
Created,at:,2012-01-11 01:39:56 UTC
Location,found,within:,Charleston
Username:,husbandandme
Tweet,Id:,156913330030780417
Created,at:,2012-01-11 01:40:27 UTC
Location,found,within:,Charleston
Username:,thetemple
Tweet,Id:,156913548277194752
Created,at:,2012-01-11 01:41:19 UTC
Location,found,within:,Charleston
Username:,wrthomasson
Tweet,Id:,156914171177472001
Created,at:,2012-01-11 01:43:48 UTC
Location,found,within:,Charleston
Username:,GregHambrick
Tweet,Id:,156914312882040833
Created,at:,2012-01-11 01:44:22 UTC
Location,found,within:,Charleston
Username:,BumShiv
Tweet,Id:,156914677354475520
Created,at:,2012-01-11 01:45:49 UTC
Location,found,within:,Charleston
Username:,KayeKoonce
Tweet,Id:,156914742944989185
Created,at:,2012-01-11 01:46:04 UTC
Location,found,within:,Charleston
Username:,cgseay
Tweet,Id:,156915049728978946
Created,at:,2012-01-11 01:47:17 UTC
Location,found,within:,Charleston
Username:,willhaynie
Tweet,Id:,156915916024717312
Created,at:,2012-01-11 01:50:44 UTC
Location,found,within:,Charleston
Username:,KristinBostic
Tweet,Id:,156917279408398336
Created,at:,2012-01-11 01:56:09 UTC
Location,found,within:,Charleston
Username:,Arnian
Tweet,Id:,156917827696209920
Created,at:,2012-01-11 01:58:20 UTC
Location,found,within:,Charleston
Username:,AsylumGodfather
Tweet,Id:,156918221805592576
Created,at:,2012-01-11 01:59:54 UTC
Location,found,within:,Charleston
Username:,haireofthedog
Tweet,Id:,156918396292825088
Created,at:,2012-01-11 02:00:35 UTC
Location,found,within:,Charleston
Username:,Cooper_Long
Tweet,Id:,156918809754730497
Created,at:,2012-01-11 02:02:14 UTC
Location,found,within:,Charleston
Username:,surabhigandotra
Tweet,Id:,156918855036436480
Created,at:,2012-01-11 02:02:25 UTC
Location,found,within:,Charleston
Username:,TylerMJones
Tweet,Id:,156919127968202753
Created,at:,2012-01-11 02:03:30 UTC
Location,found,within:,Charleston
Username:,willhaynie
Tweet,Id:,156919586812465152
Created,at:,2012-01-11 02:05:19 UTC
Location,found,within:,Charleston
Username:,TylerMJones
Tweet,Id:,156919667317932034
Created,at:,2012-01-11 02:05:38 UTC
Location,found,within:,Charleston
Username:,YeahYeahRyan
Tweet,Id:,156919707910418434
Created,at:,2012-01-11 02:05:48 UTC
Location,found,within:,Charleston
Username:,ZLosop
Tweet,Id:,156919814013722624
Created,at:,2012-01-11 02:06:13 UTC
Location,found,within:,Charleston
Username:,jason_burns
Tweet,Id:,156919957341483008
Created,at:,2012-01-11 02:06:47 UTC
Location,found,within:,Charleston
Username:,voterschoice
Tweet,Id:,156920267921309696
Created,at:,2012-01-11 02:08:01 UTC
Location,found,within:,Charleston
Username:,charleskinnin
Tweet,Id:,156920899336015873
Created,at:,2012-01-11 02:10:32 UTC
Location,found,within:,Charleston
Username:,lleawilk
Tweet,Id:,156921095503626240
Created,at:,2012-01-11 02:11:19 UTC
Location,found,within:,Charleston
Username:,richyoung
Tweet,Id:,156921134670024705
Created,at:,2012-01-11 02:11:28 UTC
Location,found,within:,Charleston
Username:,thetemple
Tweet,Id:,156921325645074432
Created,at:,2012-01-11 02:12:14 UTC
Location,found,within:,Charleston
Username:,YeahYeahRyan
Tweet,Id:,156921333018673152
Created,at:,2012-01-11 02:12:15 UTC
Location,found,within:,Charleston
Username:,ABCNews4
Tweet,Id:,156921346574663680
Created,at:,2012-01-11 02:12:19 UTC
Location,found,within:,Charleston
Username:,ABCNews4
Tweet,Id:,156921346004234240
Created,at:,2012-01-11 02:12:19 UTC
Location,found,within:,Charleston
Username:,kevinyoung31
Tweet,Id:,156921610148909056
Created,at:,2012-01-11 02:13:21 UTC
Location,found,within:,Charleston
Username:,YeahYeahRyan
Tweet,Id:,156921678021140481
Created,at:,2012-01-11 02:13:38 UTC
Location,found,within:,Charleston
Username:,GailJoyZD
Tweet,Id:,156921839984189441
Created,at:,2012-01-11 02:14:16 UTC
Location,found,within:,Charleston
Username:,willhaynie
Tweet,Id:,156922254335279105
Created,at:,2012-01-11 02:15:55 UTC
Location,found,within:,Charleston
Username:,willhaynie
Tweet,Id:,156922509487378433
Created,at:,2012-01-11 02:16:56 UTC
Location,found,within:,Charleston
Username:,nancymace
Tweet,Id:,156922681210576896
Created,at:,2012-01-11 02:17:37 UTC
Location,found,within:,Charleston
Username:,charlesmallory2
Tweet,Id:,156922815562518528
Created,at:,2012-01-11 02:18:09 UTC
Location,found,within:,Charleston
Username:,sskywalkerr
Tweet,Id:,156922902762106881
Created,at:,2012-01-11 02:18:30 UTC
Location,found,within:,Charleston
Username:,KyleHair277
Tweet,Id:,156923726619885568
Created,at:,2012-01-11 02:21:46 UTC
Location,found,within:,Charleston
Username:,YeahYeahRyan
Tweet,Id:,156923784421584896
Created,at:,2012-01-11 02:22:00 UTC
Location,found,within:,Charleston
Username:,GailJoyZD
Tweet,Id:,156924859719499778
Created,at:,2012-01-11 02:26:16 UTC
Location,found,within:,Charleston
Username:,KevinGlynn1
Tweet,Id:,156925260090970112
Created,at:,2012-01-11 02:27:52 UTC
Location,found,within:,Charleston
Username:,sjh2222
Tweet,Id:,156925810081660928
Created,at:,2012-01-11 02:30:03 UTC
Location,found,within:,Charleston
Username:,TAnnMattingly
Tweet,Id:,156925912569487360
Created,at:,2012-01-11 02:30:27 UTC
Location,found,within:,Charleston
Username:,losing100lbs
Tweet,Id:,156926404582313984
Created,at:,2012-01-11 02:32:25 UTC
Location,found,within:,Charleston
Username:,CourtneyB24
Tweet,Id:,156926993299017729
Created,at:,2012-01-11 02:34:45 UTC
Location,found,within:,Charleston
Username:,sMOTTah
Tweet,Id:,156928764704587777
Created,at:,2012-01-11 02:41:47 UTC
Location,found,within:,Charleston
Username:,charleston4rent
Tweet,Id:,156928900600053760
Created,at:,2012-01-11 02:42:20 UTC
Location,found,within:,Charleston
Username:,thetemple
Tweet,Id:,156929306881310720
Created,at:,2012-01-11 02:43:57 UTC
Location,found,within:,Charleston
Username:,YeahYeahRyan
Tweet,Id:,156931362337718272
Created,at:,2012-01-11 02:52:07 UTC
Location,found,within:,Charleston
Username:,GABullDog067
Tweet,Id:,156931900773113857
Created,at:,2012-01-11 02:54:15 UTC
Location,found,within:,Charleston
Username:,meaganchinnis
Tweet,Id:,156932530539470848
Created,at:,2012-01-11 02:56:45 UTC
Location,found,within:,Charleston
Username:,KevinGlynn1
Tweet,Id:,156932690199838720
Created,at:,2012-01-11 02:57:23 UTC
Location,found,within:,Charleston
Username:,chasCityPaper
Tweet,Id:,156932883162988544
Created,at:,2012-01-11 02:58:09 UTC
Location,found,within:,Charleston
Username:,KevinGlynn1
Tweet,Id:,156933184343375873
Created,at:,2012-01-11 02:59:21 UTC
Location,found,within:,Charleston
Username:,walterrhett
Tweet,Id:,156933301947469824
Created,at:,2012-01-11 02:59:49 UTC
Location,found,within:,Charleston
Username:,KarlBrenkert
Tweet,Id:,156934135204683778
Created,at:,2012-01-11 03:03:08 UTC
Location,found,within:,Charleston
Username:,kevinyoung31
Tweet,Id:,156934250350903296
Created,at:,2012-01-11 03:03:35 UTC
Location,found,within:,Charleston
Username:,999draW
Tweet,Id:,156934662462259201
Created,at:,2012-01-11 03:05:13 UTC
Location,found,within:,Charleston
Username:,patchisum
Tweet,Id:,156934995301236736
Created,at:,2012-01-11 03:06:33 UTC
Location,found,within:,Charleston
Username:,CharlestonShop
Tweet,Id:,156935746681442304
Created,at:,2012-01-11 03:09:32 UTC
Location,found,within:,Charleston
Username:,999draW
Tweet,Id:,156936355107184640
Created,at:,2012-01-11 03:11:57 UTC
Location,found,within:,Charleston
Username:,SpencerSolomon
Tweet,Id:,156936758775398403
Created,at:,2012-01-11 03:13:33 UTC
Location,found,within:,Charleston
Username:,whatthadeuce
Tweet,Id:,156936835162062848
Created,at:,2012-01-11 03:13:51 UTC
Location,found,within:,Charleston
Username:,shawnpisteySC
Tweet,Id:,156937226268319745
Created,at:,2012-01-11 03:15:25 UTC
Location,found,within:,Charleston
Username:,shawnpisteySC
Tweet,Id:,156939623472435200
Created,at:,2012-01-11 03:24:56 UTC
Location,found,within:,Charleston
Username:,rezzerektion
Tweet,Id:,156939775633403904
Created,at:,2012-01-11 03:25:32 UTC
Location,found,within:,Charleston
Username:,rezzerektion
Tweet,Id:,156940486416941057
Created,at:,2012-01-11 03:28:22 UTC
Location,found,within:,Charleston
Username:,rezzerektion
Tweet,Id:,156941398510276608
Created,at:,2012-01-11 03:31:59 UTC
Location,found,within:,Charleston
Username:,AmericasRight
Tweet,Id:,156942042197540866
Created,at:,2012-01-11 03:34:33 UTC
Location,found,within:,Charleston
Username:,CCPNews
Tweet,Id:,156942684903321601
Created,at:,2012-01-11 03:37:06 UTC
Location,found,within:,Charleston
Username:,RayEdisto
Tweet,Id:,156942813400006656
Created,at:,2012-01-11 03:37:37 UTC
Location,found,within:,Charleston
Username:,crfargnoli
Tweet,Id:,156943269874503680
Created,at:,2012-01-11 03:39:26 UTC
Location,found,within:,Charleston
Username:,sc4jonhuntsman
Tweet,Id:,156943349918601216
Created,at:,2012-01-11 03:39:45 UTC
Location,found,within:,Charleston
Username:,clesnie
Tweet,Id:,156943372794343424
Created,at:,2012-01-11 03:39:50 UTC
Location,found,within:,Charleston
Username:,AmericasRight
Tweet,Id:,156943711345979392
Created,at:,2012-01-11 03:41:11 UTC
Location,found,within:,Charleston
Username:,FTILLDEATH
Tweet,Id:,156944053949308928
Created,at:,2012-01-11 03:42:33 UTC
Location,found,within:,Charleston
Username:,maryaustinphoto
Tweet,Id:,156944123885129730
Created,at:,2012-01-11 03:42:49 UTC
Location,found,within:,Charleston
Username:,420x420xtoomany
Tweet,Id:,156944125705453568
Created,at:,2012-01-11 03:42:50 UTC
Location,found,within:,Charleston
Username:,uber_fun
Tweet,Id:,156944231162847232
Created,at:,2012-01-11 03:43:15 UTC
Location,found,within:,Charleston
Username:,RayEdisto
Tweet,Id:,156944406157606912
Created,at:,2012-01-11 03:43:56 UTC
Location,found,within:,Charleston
Username:,AndyDenton
Tweet,Id:,156944404710572032
Created,at:,2012-01-11 03:43:56 UTC
Location,found,within:,Charleston
Username:,MikeBeas
Tweet,Id:,156945084846321664
Created,at:,2012-01-11 03:46:38 UTC
Location,found,within:,Charleston
Username:,AmericasRight
Tweet,Id:,156945105020915712
Created,at:,2012-01-11 03:46:43 UTC
Location,found,within:,Charleston
Username:,MikeBeas
Tweet,Id:,156946059061501952
Created,at:,2012-01-11 03:50:31 UTC
Location,found,within:,Charleston
Username:,byrnesms
Tweet,Id:,156946198572437504
Created,at:,2012-01-11 03:51:04 UTC
Location,found,within:,Charleston
Username:,MikeBeas
Tweet,Id:,156946287365853186
Created,at:,2012-01-11 03:51:25 UTC
Location,found,within:,Charleston
Username:,MikeBeas
Tweet,Id:,156946327522119681
Created,at:,2012-01-11 03:51:35 UTC
Location,found,within:,Charleston
Username:,AmericasRight
Tweet,Id:,156946757740281857
Created,at:,2012-01-11 03:53:17 UTC
Location,found,within:,Charleston
Username:,SCollins0228
Tweet,Id:,156946834097586176
Created,at:,2012-01-11 03:53:35 UTC
Location,found,within:,Charleston
Username:,CharlestonShop
Tweet,Id:,156947524576477184
Created,at:,2012-01-11 03:56:20 UTC
Location,found,within:,Charleston
Username:,SCollins0228
Tweet,Id:,156947579148574722
Created,at:,2012-01-11 03:56:33 UTC
Location,found,within:,Charleston
Username:,Abdul_Zerox
Tweet,Id:,156947894501515266
Created,at:,2012-01-11 03:57:48 UTC
Location,found,within:,Charleston
Username:,agnibramos
Tweet,Id:,156947908082675712
Created,at:,2012-01-11 03:57:51 UTC
Location,found,within:,Charleston
Username:,WillRobertson76
Tweet,Id:,156947979272597504
Created,at:,2012-01-11 03:58:08 UTC
Location,found,within:,Charleston
Username:,CharlestonShop
Tweet,Id:,156948082616049664
Created,at:,2012-01-11 03:58:33 UTC
Location,found,within:,Charleston
Username:,thetemple
Tweet,Id:,156948445117153280
Created,at:,2012-01-11 03:59:59 UTC
Location,found,within:,Charleston
Username:,tr0nPr0n
Tweet,Id:,156948769924067328
Created,at:,2012-01-11 04:01:17 UTC
Location,found,within:,Charleston
Username:,SCollins0228
Tweet,Id:,156949231733710848
Created,at:,2012-01-11 04:03:07 UTC
Location,found,within:,Charleston
Username:,AmericasRight
Tweet,Id:,156949420204761088
Created,at:,2012-01-11 04:03:52 UTC
Location,found,within:,Charleston
Username:,MikeBeas
Tweet,Id:,156949572688683009
Created,at:,2012-01-11 04:04:28 UTC
Location,found,within:,Charleston
Username:,TylerMJones
Tweet,Id:,156949690070466561
Created,at:,2012-01-11 04:04:56 UTC
Location,found,within:,Charleston
Username:,Wolf_Counselor
Tweet,Id:,156949705803317248
Created,at:,2012-01-11 04:05:00 UTC
Location,found,within:,Charleston
Username:,sMOTTah
Tweet,Id:,156950017477844992
Created,at:,2012-01-11 04:06:14 UTC
Location,found,within:,Charleston
Username:,TradiCatholic
Tweet,Id:,156954684895141889
Created,at:,2012-01-11 04:24:47 UTC
Location,found,within:,Charleston
Username:,AmericasRight
Tweet,Id:,156955013460140032
Created,at:,2012-01-11 04:26:05 UTC
Location,found,within:,Charleston
Username:,CharlestonShop
Tweet,Id:,156955904070266880
Created,at:,2012-01-11 04:29:38 UTC
Location,found,within:,Charleston
Username:,micahlmartin
Tweet,Id:,156956209080045568
Created,at:,2012-01-11 04:30:51 UTC
Location,found,within:,Charleston
Username:,micahlmartin
Tweet,Id:,156956632910282752
Created,at:,2012-01-11 04:32:32 UTC
Location,found,within:,Charleston
Username:,SCollins0228
Tweet,Id:,156957147152916481
Created,at:,2012-01-11 04:34:34 UTC
Location,found,within:,Charleston
Username:,micahlmartin
Tweet,Id:,156957625953685504
Created,at:,2012-01-11 04:36:28 UTC
Location,found,within:,Charleston
Username:,TurboThurlow
Tweet,Id:,156957893428641792
Created,at:,2012-01-11 04:37:32 UTC
Location,found,within:,Charleston
Username:,evanschreier
Tweet,Id:,156958097536057345
Created,at:,2012-01-11 04:38:21 UTC
Location,found,within:,Charleston
Username:,micahlmartin
Tweet,Id:,156958104611852290
Created,at:,2012-01-11 04:38:22 UTC
Location,found,within:,Charleston
Username:,PomMomJH
Tweet,Id:,156958271708729344
Created,at:,2012-01-11 04:39:02 UTC
Location,found,within:,Charleston
Username:,evanschreier
Tweet,Id:,156958590245154816
Created,at:,2012-01-11 04:40:18 UTC
Location,found,within:,Charleston
Username:,AmericasRight
Tweet,Id:,156959208623976449
Created,at:,2012-01-11 04:42:46 UTC
Location,found,within:,Charleston
Username:,evanschreier
Tweet,Id:,156959423963734018
Created,at:,2012-01-11 04:43:37 UTC
Location,found,within:,Charleston
Username:,evanschreier
Tweet,Id:,156960875335532545
Created,at:,2012-01-11 04:49:23 UTC
Location,found,within:,Charleston
Username:,TaggeMD
Tweet,Id:,156960883820605440
Created,at:,2012-01-11 04:49:25 UTC
Location,found,within:,Charleston
Username:,AmericasRight
Tweet,Id:,156961679949840384
Created,at:,2012-01-11 04:52:35 UTC
Location,found,within:,Charleston
Username:,AmericasRight
Tweet,Id:,156961914444980224
Created,at:,2012-01-11 04:53:31 UTC
Location,found,within:,Charleston
Username:,charliephoto
Tweet,Id:,156963237433315328
Created,at:,2012-01-11 04:58:46 UTC
Location,found,within:,Charleston
Username:,AmericasRight
Tweet,Id:,156963749281013760
Created,at:,2012-01-11 05:00:48 UTC
Location,found,within:,Charleston
Username:,matthewdds
Tweet,Id:,156964158435360768
Created,at:,2012-01-11 05:02:26 UTC
Location,found,within:,Charleston
Username:,999draW
Tweet,Id:,156964246016634880
Created,at:,2012-01-11 05:02:47 UTC
Location,found,within:,Charleston
Username:,AmericasRight
Tweet,Id:,156964550414041089
Created,at:,2012-01-11 05:03:59 UTC
Location,found,within:,Charleston
Username:,Captainsuburbia
Tweet,Id:,156969879856091137
Created,at:,2012-01-11 05:25:10 UTC
Location,found,within:,Charleston
Username:,CharlestonShop
Tweet,Id:,156971677249585152
Created,at:,2012-01-11 05:32:18 UTC
Location,found,within:,Charleston
Username:,AmericasRight
Tweet,Id:,156971950659473408
Created,at:,2012-01-11 05:33:24 UTC
Location,found,within:,Charleston
Username:,TPANick
Tweet,Id:,156972180142436352
Created,at:,2012-01-11 05:34:18 UTC
Location,found,within:,Charleston
Username:,TerraKinder
Tweet,Id:,156974601333772289
Created,at:,2012-01-11 05:43:56 UTC
Location,found,within:,Charleston
Username:,CflowersChasExp
Tweet,Id:,156976862285938688
Created,at:,2012-01-11 05:52:55 UTC
Location,found,within:,Charleston
Username:,willhaynie
Tweet,Id:,156977201617711105
Created,at:,2012-01-11 05:54:16 UTC
Location,found,within:,Charleston
Username:,willyandwonka1
Tweet,Id:,156979931400769536
Created,at:,2012-01-11 06:05:06 UTC
Location,found,within:,Charleston
Username:,LACERZ
Tweet,Id:,156980528812277760
Created,at:,2012-01-11 06:07:29 UTC
Location,found,within:,Charleston
Username:,willyandwonka1
Tweet,Id:,156981293618446336
Created,at:,2012-01-11 06:10:31 UTC
Location,found,within:,Charleston
Username:,acollins93
Tweet,Id:,156984022470369281
Created,at:,2012-01-11 06:21:22 UTC
Location,found,within:,Charleston
Username:,rudii_garcia
Tweet,Id:,156985269395013632
Created,at:,2012-01-11 06:26:19 UTC
Location,found,within:,Charleston
Username:,DarthHunter
Tweet,Id:,156987860799602688
Created,at:,2012-01-11 06:36:37 UTC
Location,found,within:,Charleston
Username:,jerryallenrose
Tweet,Id:,156987905020149760
Created,at:,2012-01-11 06:36:47 UTC
Location,found,within:,Charleston
Username:,dvera
Tweet,Id:,156993265726537729
Created,at:,2012-01-11 06:58:06 UTC
Location,found,within:,Charleston
Username:,acollins93
Tweet,Id:,156996542631387136
Created,at:,2012-01-11 07:11:07 UTC
Location,found,within:,Charleston
Username:,acollins93
Tweet,Id:,156998029008846848
Created,at:,2012-01-11 07:17:01 UTC
Location,found,within:,Charleston
Username:,pamnsc2
Tweet,Id:,157012556815417345
Created,at:,2012-01-11 08:14:45 UTC
Location,found,within:,Charleston
Username:,Zulafpuo
Tweet,Id:,157021718710460416
Created,at:,2012-01-11 08:51:09 UTC
Location,found,within:,Charleston
Username:,Eddazdu
Tweet,Id:,157021727350722560
Created,at:,2012-01-11 08:51:11 UTC
Location,found,within:,Charleston
Username:,CharlestonShop
Tweet,Id:,157029223117230081
Created,at:,2012-01-11 09:20:58 UTC
Location,found,within:,Charleston
Username:,CharlestonShop
Tweet,Id:,157039151349366784
Created,at:,2012-01-11 10:00:25 UTC
Location,found,within:,Charleston
Username:,cpheadlines
Tweet,Id:,157039150774759426
Created,at:,2012-01-11 10:00:25 UTC
Location,found,within:,Charleston
Username:,cpheadlines
Tweet,Id:,157039157074595840
Created,at:,2012-01-11 10:00:27 UTC
Location,found,within:,Charleston
Username:,produceralex
Tweet,Id:,157050630706434048
Created,at:,2012-01-11 10:46:02 UTC
Location,found,within:,Charleston
Username:,emmabeanmiller
Tweet,Id:,157061929905565696
Created,at:,2012-01-11 11:30:56 UTC
Location,found,within:,Charleston
Username:,LowCountryToday
Tweet,Id:,157062828740718592
Created,at:,2012-01-11 11:34:31 UTC
Location,found,within:,Charleston
Username:,Robert_E_Lehman
Tweet,Id:,157065343121104896
Created,at:,2012-01-11 11:44:30 UTC
Location,found,within:,Charleston
Username:,Robert_E_Lehman
Tweet,Id:,157065352893833216
Created,at:,2012-01-11 11:44:32 UTC
Location,found,within:,Charleston
Username:,marymorrall
Tweet,Id:,157067669428912129
Created,at:,2012-01-11 11:53:45 UTC
Location,found,within:,Charleston
Username:,frankymunster
Tweet,Id:,157074414410801153
Created,at:,2012-01-11 12:20:33 UTC
Location,found,within:,Charleston
Username:,shawnpisteySC
Tweet,Id:,157078182938427393
Created,at:,2012-01-11 12:35:31 UTC
Location,found,within:,Charleston
Username:,exframebuilder
Tweet,Id:,157079345461071872
Created,at:,2012-01-11 12:40:09 UTC
Location,found,within:,Charleston
Username:,PaulWilczynski
Tweet,Id:,157079799121182721
Created,at:,2012-01-11 12:41:57 UTC
Location,found,within:,Charleston
Username:,krisconklin
Tweet,Id:,157081187804913666
Created,at:,2012-01-11 12:47:28 UTC
Location,found,within:,Charleston
Username:,shawnpisteySC
Tweet,Id:,157084101831176193
Created,at:,2012-01-11 12:59:03 UTC
Location,found,within:,Charleston
Username:,shawnpisteySC
Tweet,Id:,157084469831016448
Created,at:,2012-01-11 13:00:30 UTC
Location,found,within:,Charleston
Username:,shawnpisteySC
Tweet,Id:,157086482102894592
Created,at:,2012-01-11 13:08:30 UTC
Location,found,within:,Charleston
Username:,petermccoyforsc
Tweet,Id:,157087552711569408
Created,at:,2012-01-11 13:12:45 UTC
Location,found,within:,Charleston
Username:,TBradleyNC
Tweet,Id:,157089990889832448
Created,at:,2012-01-11 13:22:27 UTC
Location,found,within:,Charleston
Username:,TylerMJones
Tweet,Id:,157091378936033281
Created,at:,2012-01-11 13:27:58 UTC
Location,found,within:,Charleston
Username:,shawnpisteySC
Tweet,Id:,157092466837823488
Created,at:,2012-01-11 13:32:17 UTC
Location,found,within:,Charleston
Username:,CharlestonShop
Tweet,Id:,157092559494201344
Created,at:,2012-01-11 13:32:39 UTC
Location,found,within:,Charleston
Username:,cosmicgnostic
Tweet,Id:,157092728050692096
Created,at:,2012-01-11 13:33:19 UTC
Location,found,within:,Charleston
Username:,shawnpisteySC
Tweet,Id:,157092898473644032
Created,at:,2012-01-11 13:34:00 UTC
Location,found,within:,Charleston
Username:,UnitedStates
Tweet,Id:,157096465347510272
Created,at:,2012-01-11 13:48:10 UTC
Location,found,within:,Charleston
Username:,BarbieKayB
Tweet,Id:,157096713130229760
Created,at:,2012-01-11 13:49:09 UTC
Location,found,within:,Charleston
Username:,thetemple
Tweet,Id:,157103794067488768
Created,at:,2012-01-11 14:17:18 UTC
Location,found,within:,Charleston
Username:,RachelHutchssn
Tweet,Id:,157103852460589057
Created,at:,2012-01-11 14:17:31 UTC
Location,found,within:,Charleston
Username:,jmcboots
Tweet,Id:,157107380742651904
Created,at:,2012-01-11 14:31:33 UTC
Location,found,within:,Charleston
Username:,MakeupbySabra
Tweet,Id:,157110180667080705
Created,at:,2012-01-11 14:42:40 UTC
Location,found,within:,Charleston
Username:,onelife_nofear
Tweet,Id:,157110792150454273
Created,at:,2012-01-11 14:45:06 UTC
Location,found,within:,Charleston
Username:,RolfOcale
Tweet,Id:,157111270225608704
Created,at:,2012-01-11 14:47:00 UTC
Location,found,within:,Charleston
Username:,KevinAllenSmith
Tweet,Id:,157112397025386496
Created,at:,2012-01-11 14:51:29 UTC
Location,found,within:,Charleston
Username:,TylerMJones
Tweet,Id:,157113010123579393
Created,at:,2012-01-11 14:53:55 UTC
Location,found,within:,Charleston
Username:,DarbyKeene
Tweet,Id:,157113238100774912
Created,at:,2012-01-11 14:54:49 UTC
Location,found,within:,Charleston
Username:,CCPNews
Tweet,Id:,157113601927290880
Created,at:,2012-01-11 14:56:16 UTC
Location,found,within:,Charleston
Username:,chasCityPaper
Tweet,Id:,157114101015920640
Created,at:,2012-01-11 14:58:15 UTC
Location,found,within:,Charleston
Username:,MtPlsntSCPatch
Tweet,Id:,157115429586874368
Created,at:,2012-01-11 15:03:32 UTC
Location,found,within:,Charleston
Username:,walterrhett
Tweet,Id:,157116318078873600
Created,at:,2012-01-11 15:07:03 UTC
Location,found,within:,Charleston
Username:,mariomdx
Tweet,Id:,157116478670372864
Created,at:,2012-01-11 15:07:42 UTC
Location,found,within:,Charleston
Username:,blueprintCHS
Tweet,Id:,157120694428237824
Created,at:,2012-01-11 15:24:27 UTC
Location,found,within:,Charleston
Username:,CharlestonShop
Tweet,Id:,157127269071060992
Created,at:,2012-01-11 15:50:34 UTC
Location,found,within:,Charleston
Username:,micahlmartin
Tweet,Id:,157128256586387457
Created,at:,2012-01-11 15:54:30 UTC
Location,found,within:,Charleston
Username:,ElizabethBender
Tweet,Id:,157130682546663425
Created,at:,2012-01-11 16:04:08 UTC
Location,found,within:,Charleston
Username:,wildethangs
Tweet,Id:,157131161150296064
Created,at:,2012-01-11 16:06:02 UTC
Location,found,within:,Charleston
Username:,wildethangs
Tweet,Id:,157131217823735808
Created,at:,2012-01-11 16:06:16 UTC
Location,found,within:,Charleston
Username:,nancymace
Tweet,Id:,157132253900713984
Created,at:,2012-01-11 16:10:23 UTC
Location,found,within:,Charleston
Username:,chasCityPaper
Tweet,Id:,157133418415669248
Created,at:,2012-01-11 16:15:01 UTC
Location,found,within:,Charleston
Username:,Adam_Crisp
Tweet,Id:,157133428196769794
Created,at:,2012-01-11 16:15:03 UTC
Location,found,within:,Charleston
Username:,WCBD
Tweet,Id:,157134297067823104
Created,at:,2012-01-11 16:18:30 UTC
Location,found,within:,Charleston
Username:,CharlestonShop
Tweet,Id:,157136810680647683
Created,at:,2012-01-11 16:28:29 UTC
Location,found,within:,Charleston
Username:,TeamSantorumSC
Tweet,Id:,157138808381505539
Created,at:,2012-01-11 16:36:26 UTC
Location,found,within:,Charleston
Username:,CharlieZangelQQ
Tweet,Id:,157138930112794624
Created,at:,2012-01-11 16:36:55 UTC
Location,found,within:,Charleston
Username:,JimHumbert
Tweet,Id:,157138935569588225
Created,at:,2012-01-11 16:36:56 UTC
Location,found,within:,Charleston
Username:,SantorumSavage
Tweet,Id:,157139186502209536
Created,at:,2012-01-11 16:37:56 UTC
Location,found,within:,Charleston
Username:,ceolas
Tweet,Id:,157139317498720256
Created,at:,2012-01-11 16:38:27 UTC
Location,found,within:,Charleston
Username:,postandcourier
Tweet,Id:,157141201009639424
Created,at:,2012-01-11 16:45:56 UTC
Location,found,within:,Charleston
Username:,ChucktownGmcock
Tweet,Id:,157142580956639232
Created,at:,2012-01-11 16:51:25 UTC
Location,found,within:,Charleston
Username:,chasCityPaper
Tweet,Id:,157144792898355202
Created,at:,2012-01-11 17:00:12 UTC
Location,found,within:,Charleston
Username:,KingRat22
Tweet,Id:,157145115977199616
Created,at:,2012-01-11 17:01:29 UTC
Location,found,within:,Charleston
Username:,RedBrightandTru
Tweet,Id:,157145113045381120
Created,at:,2012-01-11 17:01:29 UTC
Location,found,within:,Charleston
Username:,headlinenews
Tweet,Id:,157145120104394752
Created,at:,2012-01-11 17:01:30 UTC
Location,found,within:,Charleston
Username:,Drummergirl107
Tweet,Id:,157145119345217536
Created,at:,2012-01-11 17:01:30 UTC
Location,found,within:,Charleston
Username:,jeanpennie
Tweet,Id:,157145117172563968
Created,at:,2012-01-11 17:01:30 UTC
Location,found,within:,Charleston
Username:,ranumpowerplay
Tweet,Id:,157145124575518722
Created,at:,2012-01-11 17:01:31 UTC
Location,found,within:,Charleston
Username:,rondyreeves
Tweet,Id:,157145123774398464
Created,at:,2012-01-11 17:01:31 UTC
Location,found,within:,Charleston
Username:,NYTimesEmailed
Tweet,Id:,157145123422081024
Created,at:,2012-01-11 17:01:31 UTC
Location,found,within:,Charleston
Username:,MarketWatchRT
Tweet,Id:,157145123371753472
Created,at:,2012-01-11 17:01:31 UTC
Location,found,within:,Charleston
Username:,ConservaLassie
Tweet,Id:,157145122570637312
Created,at:,2012-01-11 17:01:31 UTC
Location,found,within:,Charleston
Username:,duxbuz
Tweet,Id:,157145128627220480
Created,at:,2012-01-11 17:01:32 UTC
Location,found,within:,Charleston
Username:,FairTaxSouthFla
Tweet,Id:,157145127796748289
Created,at:,2012-01-11 17:01:32 UTC
Location,found,within:,Charleston
Username:,doktormoo
Tweet,Id:,157145126345523202
Created,at:,2012-01-11 17:01:32 UTC
Location,found,within:,Charleston
Username:,SuzyKhimm
Tweet,Id:,157145125162713088
Created,at:,2012-01-11 17:01:32 UTC
Location,found,within:,Charleston
Username:,callcenterdr
Tweet,Id:,157145130850193408
Created,at:,2012-01-11 17:01:33 UTC
Location,found,within:,Charleston
Username:,cc_star
Tweet,Id:,157145130627891201
Created,at:,2012-01-11 17:01:33 UTC
Location,found,within:,Charleston
Username:,D4keuangan
Tweet,Id:,157145129524793345
Created,at:,2012-01-11 17:01:33 UTC
Location,found,within:,Charleston
Username:,johnmartinshow
Tweet,Id:,157145128929210370
Created,at:,2012-01-11 17:01:33 UTC
Location,found,within:,Charleston
Username:,MisfitPolitics
Tweet,Id:,157145135275180034
Created,at:,2012-01-11 17:01:34 UTC
Location,found,within:,Charleston
Username:,Domenickdjm
Tweet,Id:,157145134155317249
Created,at:,2012-01-11 17:01:34 UTC
Location,found,within:,Charleston
Username:,OzanLeisure5325
Tweet,Id:,157145133882679296
Created,at:,2012-01-11 17:01:34 UTC
Location,found,within:,Charleston
Username:,mmmmdatdat
Tweet,Id:,157145139561775105
Created,at:,2012-01-11 17:01:35 UTC
Location,found,within:,Charleston
Username:,hottestworldz
Tweet,Id:,157145138282496000
Created,at:,2012-01-11 17:01:35 UTC
Location,found,within:,Charleston
Username:,vedixon
Tweet,Id:,157145145257635840
Created,at:,2012-01-11 17:01:36 UTC
Location,found,within:,Charleston
Username:,libeipade
Tweet,Id:,157145142959161346
Created,at:,2012-01-11 17:01:36 UTC
Location,found,within:,Charleston
Username:,DiDisava
Tweet,Id:,157145148046852097
Created,at:,2012-01-11 17:01:37 UTC
Location,found,within:,Charleston
Username:,KateOH
Tweet,Id:,157145146067132417
Created,at:,2012-01-11 17:01:37 UTC
Location,found,within:,Charleston
Username:,SnakeBucket
Tweet,Id:,157145153516212224
Created,at:,2012-01-11 17:01:38 UTC
Location,found,within:,Charleston
Username:,ih8gops
Tweet,Id:,157145153142927360
Created,at:,2012-01-11 17:01:38 UTC
Location,found,within:,Charleston
Username:,iplayjenga
Tweet,Id:,157145152593473537
Created,at:,2012-01-11 17:01:38 UTC
Location,found,within:,Charleston
Username:,BillSchneiderDC
Tweet,Id:,157145151129661440
Created,at:,2012-01-11 17:01:38 UTC
Location,found,within:,Charleston
Username:,TomHall
Tweet,Id:,157145156288651264
Created,at:,2012-01-11 17:01:39 UTC
Location,found,within:,Charleston
Username:,trulyfun360
Tweet,Id:,157145155550449664
Created,at:,2012-01-11 17:01:39 UTC
Location,found,within:,Charleston
Username:,Maryelens
Tweet,Id:,157145154703204353
Created,at:,2012-01-11 17:01:39 UTC
Location,found,within:,Charleston
Username:,The_Awesome_Al
Tweet,Id:,157145154057281537
Created,at:,2012-01-11 17:01:39 UTC
Location,found,within:,Charleston
Username:,Rhon09
Tweet,Id:,157145165339951104
Created,at:,2012-01-11 17:01:41 UTC
Location,found,within:,Charleston
Username:,formargos2010
Tweet,Id:,157145165117657089
Created,at:,2012-01-11 17:01:41 UTC
Location,found,within:,Charleston
Username:,j_rich78
Tweet,Id:,157145164442370049
Created,at:,2012-01-11 17:01:41 UTC
Location,found,within:,Charleston
Username:,TylerSadonis
Tweet,Id:,157145170574458881
Created,at:,2012-01-11 17:01:42 UTC
Location,found,within:,Charleston
Username:,karenreports
Tweet,Id:,157145167420334080
Created,at:,2012-01-11 17:01:42 UTC
Location,found,within:,Charleston
Username:,MrEvilMatt
Tweet,Id:,157145172688379906
Created,at:,2012-01-11 17:01:43 UTC
Location,found,within:,Charleston
Username:,lamerwalker
Tweet,Id:,157145176211587072
Created,at:,2012-01-11 17:01:44 UTC
Location,found,within:,Charleston
Username:,JimGo
Tweet,Id:,157145175586635777
Created,at:,2012-01-11 17:01:44 UTC
Location,found,within:,Charleston
Username:,Phil_Elmore
Tweet,Id:,157145180468817920
Created,at:,2012-01-11 17:01:45 UTC
Location,found,within:,Charleston
Username:,nmonick
Tweet,Id:,157145187120988161
Created,at:,2012-01-11 17:01:46 UTC
Location,found,within:,Charleston
Username:,indecision
Tweet,Id:,157145186244370434
Created,at:,2012-01-11 17:01:46 UTC
Location,found,within:,Charleston
Username:,TheRickWilson
Tweet,Id:,157145184163995649
Created,at:,2012-01-11 17:01:46 UTC
Location,found,within:,Charleston
Username:,Doug_Giles
Tweet,Id:,157145183773921281
Created,at:,2012-01-11 17:01:46 UTC
Location,found,within:,Charleston
Username:,ArmorCavSpin
Tweet,Id:,157145190233149440
Created,at:,2012-01-11 17:01:47 UTC
Location,found,within:,Charleston
Username:,Hilary_Thomson
Tweet,Id:,157145193081090048
Created,at:,2012-01-11 17:01:48 UTC
Location,found,within:,Charleston
Username:,HeavenLeeOps
Tweet,Id:,157145199963947008
Created,at:,2012-01-11 17:01:49 UTC
Location,found,within:,Charleston
Username:,kristen_maria
Tweet,Id:,157145197317337088
Created,at:,2012-01-11 17:01:49 UTC
Location,found,within:,Charleston
Username:,drockthecasbah1
Tweet,Id:,157145196914688001
Created,at:,2012-01-11 17:01:49 UTC
Location,found,within:,Charleston
Username:,cliqzuspolitics
Tweet,Id:,157145202606358528
Created,at:,2012-01-11 17:01:50 UTC
Location,found,within:,Charleston
Username:,Marcexplorer
Tweet,Id:,157145201410981890
Created,at:,2012-01-11 17:01:50 UTC
Location,found,within:,Charleston
Username:,jazzcattrio
Tweet,Id:,157145207853432832
Created,at:,2012-01-11 17:01:51 UTC
Location,found,within:,Charleston
Username:,Cole_Hughes
Tweet,Id:,157145205856927744
Created,at:,2012-01-11 17:01:51 UTC
Location,found,within:,Charleston
Username:,katyabram
Tweet,Id:,157145211712184320
Created,at:,2012-01-11 17:01:52 UTC
Location,found,within:,Charleston
Username:,TPM
Tweet,Id:,157145210525200385
Created,at:,2012-01-11 17:01:52 UTC
Location,found,within:,Charleston
Username:,RedRockReports
Tweet,Id:,157145208717443072
Created,at:,2012-01-11 17:01:52 UTC
Location,found,within:,Charleston
Username:,RANKIS
Tweet,Id:,157145216221052928
Created,at:,2012-01-11 17:01:53 UTC
Location,found,within:,Charleston
Username:,favstar_pop
Tweet,Id:,157145212899180545
Created,at:,2012-01-11 17:01:53 UTC
Location,found,within:,Charleston
Username:,ElectAdNews
Tweet,Id:,157145218796359681
Created,at:,2012-01-11 17:01:54 UTC
Location,found,within:,Charleston
Username:,wizardkitten
Tweet,Id:,157145218758623232
Created,at:,2012-01-11 17:01:54 UTC
Location,found,within:,Charleston
Username:,Loveisunlimd
Tweet,Id:,157145217600991232
Created,at:,2012-01-11 17:01:54 UTC
Location,found,within:,Charleston
Username:,Internet_TV4you
Tweet,Id:,157145217215115264
Created,at:,2012-01-11 17:01:54 UTC
Location,found,within:,Charleston
Username:,edwood3
Tweet,Id:,157145223657558017
Created,at:,2012-01-11 17:01:55 UTC
Location,found,within:,Charleston
Username:,ElectAdNews
Tweet,Id:,157145223246520322
Created,at:,2012-01-11 17:01:55 UTC
Location,found,within:,Charleston
Username:,Kamani1147
Tweet,Id:,157145233044422657
Created,at:,2012-01-11 17:01:57 UTC
Location,found,within:,Charleston
Username:,JulieinDSM
Tweet,Id:,157145232192970753
Created,at:,2012-01-11 17:01:57 UTC
Location,found,within:,Charleston
Username:,2012NoBHO
Tweet,Id:,157145234701164545
Created,at:,2012-01-11 17:01:58 UTC
Location,found,within:,Charleston
Username:,kevinmonty
Tweet,Id:,157145233765830656
Created,at:,2012-01-11 17:01:58 UTC
Location,found,within:,Charleston
Username:,shiron1965
Tweet,Id:,157145240334110721
Created,at:,2012-01-11 17:01:59 UTC
Location,found,within:,Charleston
Username:,snowed_in
Tweet,Id:,157145246164205568
Created,at:,2012-01-11 17:02:00 UTC
Location,found,within:,Charleston
Username:,emilygalati
Tweet,Id:,157145247548313600
Created,at:,2012-01-11 17:02:01 UTC
Location,found,within:,Charleston
Username:,HILIADA
Tweet,Id:,157145246462001152
Created,at:,2012-01-11 17:02:01 UTC
Location,found,within:,Charleston
Username:,trendsmetadata
Tweet,Id:,157145253533581313
Created,at:,2012-01-11 17:02:02 UTC
Location,found,within:,Charleston
Username:,MissieAnderson
Tweet,Id:,157145252556312577
Created,at:,2012-01-11 17:02:02 UTC
Location,found,within:,Charleston
Username:,PIETIEV
Tweet,Id:,157145252485005313
Created,at:,2012-01-11 17:02:02 UTC
Location,found,within:,Charleston
Username:,DrCiv
Tweet,Id:,157145252367581184
Created,at:,2012-01-11 17:02:02 UTC
Location,found,within:,Charleston
Username:,Loveisunlimd
Tweet,Id:,157145252011061251
Created,at:,2012-01-11 17:02:02 UTC
Location,found,within:,Charleston
Username:,NPRinskeep
Tweet,Id:,157145251344158720
Created,at:,2012-01-11 17:02:02 UTC
Location,found,within:,Charleston
Username:,jdezort
Tweet,Id:,157145257597878273
Created,at:,2012-01-11 17:02:03 UTC
Location,found,within:,Charleston
Username:,meg_power
Tweet,Id:,157145256071147520
Created,at:,2012-01-11 17:02:03 UTC
Location,found,within:,Charleston
Username:,arm_1924
Tweet,Id:,157145269811687424
Created,at:,2012-01-11 17:02:06 UTC
Location,found,within:,Charleston
Username:,armitageblogger
Tweet,Id:,157145275662733313
Created,at:,2012-01-11 17:02:07 UTC
Location,found,within:,Charleston
Username:,eikonklast
Tweet,Id:,157145272391180288
Created,at:,2012-01-11 17:02:07 UTC
Location,found,within:,Charleston
Username:,okc_news
Tweet,Id:,157145276208005122
Created,at:,2012-01-11 17:02:08 UTC
Location,found,within:,Charleston
Username:,gregmessel
Tweet,Id:,157145283577397248
Created,at:,2012-01-11 17:02:09 UTC
Location,found,within:,Charleston
Username:,redbird45
Tweet,Id:,157145286714724353
Created,at:,2012-01-11 17:02:10 UTC
Location,found,within:,Charleston
Username:,lindafellows5
Tweet,Id:,157145285859094529
Created,at:,2012-01-11 17:02:10 UTC
Location,found,within:,Charleston
Username:,remembrance
Tweet,Id:,157145292209258498
Created,at:,2012-01-11 17:02:11 UTC
Location,found,within:,Charleston
Username:,saeverley
Tweet,Id:,157145291244572672
Created,at:,2012-01-11 17:02:11 UTC
Location,found,within:,Charleston
Username:,JCONASON
Tweet,Id:,157145296202235904
Created,at:,2012-01-11 17:02:12 UTC
Location,found,within:,Charleston
Username:,jerry_hoff
Tweet,Id:,157145300023246848
Created,at:,2012-01-11 17:02:13 UTC
Location,found,within:,Charleston
Username:,EdNDeb4858
Tweet,Id:,157145303940739072
Created,at:,2012-01-11 17:02:14 UTC
Location,found,within:,Charleston
Username:,ClubDePrensaNTN
Tweet,Id:,157145302330130432
Created,at:,2012-01-11 17:02:14 UTC
Location,found,within:,Charleston
Username:,BunkerBlast
Tweet,Id:,157145301398978560
Created,at:,2012-01-11 17:02:14 UTC
Location,found,within:,Charleston
Username:,WhatsTrending
Tweet,Id:,157145306184683520
Created,at:,2012-01-11 17:02:15 UTC
Location,found,within:,Charleston
Username:,shirakramer
Tweet,Id:,157146023997878272
Created,at:,2012-01-11 17:05:06 UTC
Location,found,within:,Charleston
Username:,Ronaldbravo
Tweet,Id:,157147860478070784
Created,at:,2012-01-11 17:12:24 UTC
Location,found,within:,Charleston
Username:,chasCityPaper
Tweet,Id:,157148520120451073
Created,at:,2012-01-11 17:15:01 UTC
Location,found,within:,Charleston
Username:,ricknelson7
Tweet,Id:,157148771300540416
Created,at:,2012-01-11 17:16:01 UTC
Location,found,within:,Charleston
Username:,clesnie
Tweet,Id:,157149465764036609
Created,at:,2012-01-11 17:18:46 UTC
Location,found,within:,Charleston
Username:,Susannah72
Tweet,Id:,157149982959476737
Created,at:,2012-01-11 17:20:50 UTC
Location,found,within:,Charleston
Username:,postandcourier
Tweet,Id:,157150404537360386
Created,at:,2012-01-11 17:22:30 UTC
Location,found,within:,Charleston
Username:,postandcourier
Tweet,Id:,157150958630080512
Created,at:,2012-01-11 17:24:42 UTC
Location,found,within:,Charleston
Username:,ReporterQuintin
Tweet,Id:,157150996215250944
Created,at:,2012-01-11 17:24:51 UTC
Location,found,within:,Charleston
Username:,chaplinspeaks
Tweet,Id:,157152216711561216
Created,at:,2012-01-11 17:29:42 UTC
Location,found,within:,Charleston
Username:,chaplinspeaks
Tweet,Id:,157152379001774080
Created,at:,2012-01-11 17:30:21 UTC
Location,found,within:,Charleston
Username:,WCBD
Tweet,Id:,157152717079453696
Created,at:,2012-01-11 17:31:42 UTC
Location,found,within:,Charleston
Username:,TPANick
Tweet,Id:,157152742480166912
Created,at:,2012-01-11 17:31:48 UTC
Location,found,within:,Charleston
Username:,PD_Scott
Tweet,Id:,157152889624731648
Created,at:,2012-01-11 17:32:23 UTC
Location,found,within:,Charleston
Username:,chasCityPaper
Tweet,Id:,157153049582903296
Created,at:,2012-01-11 17:33:01 UTC
Location,found,within:,Charleston
Username:,WCBD
Tweet,Id:,157153233280839681
Created,at:,2012-01-11 17:33:45 UTC
Location,found,within:,Charleston
Username:,ReporterQuintin
Tweet,Id:,157153579541598211
Created,at:,2012-01-11 17:35:07 UTC
Location,found,within:,Charleston
Username:,CharlestonPats
Tweet,Id:,157154032790675456
Created,at:,2012-01-11 17:36:55 UTC
Location,found,within:,Charleston
Username:,CharlestonPats
Tweet,Id:,157154039954542592
Created,at:,2012-01-11 17:36:57 UTC
Location,found,within:,Charleston
Username:,RonPaulSC
Tweet,Id:,157154163267084288
Created,at:,2012-01-11 17:37:26 UTC
Location,found,within:,Charleston
Username:,roserock71
Tweet,Id:,157154436790226944
Created,at:,2012-01-11 17:38:32 UTC
Location,found,within:,Charleston
Username:,robertdonovan
Tweet,Id:,157155264561295360
Created,at:,2012-01-11 17:41:49 UTC
Location,found,within:,Charleston
Username:,charlestoncory
Tweet,Id:,157156065086160898
Created,at:,2012-01-11 17:45:00 UTC
Location,found,within:,Charleston
Username:,chasCityPaper
Tweet,Id:,157156321664307200
Created,at:,2012-01-11 17:46:01 UTC
Location,found,within:,Charleston
Username:,RonPaulSC
Tweet,Id:,157156379034009600
Created,at:,2012-01-11 17:46:15 UTC
Location,found,within:,Charleston
Username:,mwynnsc
Tweet,Id:,157157667712942083
Created,at:,2012-01-11 17:51:22 UTC
Location,found,within:,Charleston
Username:,nberryhill
Tweet,Id:,157159062532931584
Created,at:,2012-01-11 17:56:55 UTC
Location,found,within:,Charleston
Username:,jenstevens7
Tweet,Id:,157159078123147264
Created,at:,2012-01-11 17:56:58 UTC
Location,found,within:,Charleston
Username:,HelpingSantorum
Tweet,Id:,157159397641039873
Created,at:,2012-01-11 17:58:14 UTC
Location,found,within:,Charleston
Username:,JWSloane
Tweet,Id:,157160708457508864
Created,at:,2012-01-11 18:03:27 UTC
Location,found,within:,Charleston
Username:,Alvin691
Tweet,Id:,157161180207648768
Created,at:,2012-01-11 18:05:19 UTC
Location,found,within:,Charleston
Username:,MtPlsntSCPatch
Tweet,Id:,157162223465279490
Created,at:,2012-01-11 18:09:28 UTC
Location,found,within:,Charleston
Username:,chasCityPaper
Tweet,Id:,157162364909785088
Created,at:,2012-01-11 18:10:02 UTC
Location,found,within:,Charleston
Username:,postandcourier
Tweet,Id:,157163614057414656
Created,at:,2012-01-11 18:15:00 UTC
Location,found,within:,Charleston
Username:,CharlestonShop
Tweet,Id:,157163701504442368
Created,at:,2012-01-11 18:15:21 UTC
Location,found,within:,Charleston
Username:,CharlestonShop
Tweet,Id:,157164051653328897
Created,at:,2012-01-11 18:16:44 UTC
Location,found,within:,Charleston
Username:,uttles
Tweet,Id:,157164975394263040
Created,at:,2012-01-11 18:20:24 UTC
Location,found,within:,Charleston
Username:,ItIsMyBlog
Tweet,Id:,157165030008303616
Created,at:,2012-01-11 18:20:37 UTC
Location,found,within:,Charleston
Username:,PaulitesNetwork
Tweet,Id:,157165031270793216
Created,at:,2012-01-11 18:20:38 UTC
Location,found,within:,Charleston
Username:,MikeBeas
Tweet,Id:,157167674806374400
Created,at:,2012-01-11 18:31:09 UTC
Location,found,within:,Charleston
Username:,slavetrademedia
Tweet,Id:,157168592679481344
Created,at:,2012-01-11 18:34:47 UTC
Location,found,within:,Charleston
Username:,Mattthepatriot
Tweet,Id:,157169515363450880
Created,at:,2012-01-11 18:38:27 UTC
Location,found,within:,Charleston
Username:,WCBD
Tweet,Id:,157169992612319232
Created,at:,2012-01-11 18:40:20 UTC
Location,found,within:,Charleston
Username:,TPANick
Tweet,Id:,157170006138957824
Created,at:,2012-01-11 18:40:24 UTC
Location,found,within:,Charleston
Username:,CharlestonShop
Tweet,Id:,157170130877550592
Created,at:,2012-01-11 18:40:53 UTC
Location,found,within:,Charleston
Username:,deepereyes
Tweet,Id:,157171273837981696
Created,at:,2012-01-11 18:45:26 UTC
Location,found,within:,Charleston
Username:,CharlestonShop
Tweet,Id:,157172298934263808
Created,at:,2012-01-11 18:49:30 UTC
