location_found_within,from_user,id,created_at,text
Charleston,SCollins0228,157419547094294528,2012-01-12 11:11:59 UTC,"Gingrich to appear with James Clyborn today in SC. Wow his campaign is on the ropes! He, Santorum, Perry, all of them need to drop out"
Charleston,GooseCreekPatch,157465470201634816,2012-01-12 14:14:28 UTC,Busy day in #chs for GOP primary. Perry in Summerville. Santorum on Daniel Island. http://t.co/8iv8xf7M Follow @SCPrimary
Charleston,SCPrimary,157465602498371584,2012-01-12 14:14:59 UTC,RT @GooseCreekPatch: Busy day in #chs for GOP primary. Perry in Summerville. Santorum on Daniel Island. http://t.co/8iv8xf7M Follow @SCPrimary
Charleston,TeamSantorumSC,157469377661382656,2012-01-12 14:29:59 UTC,RT @ricksantorum: Honored to have your support. http://t.co/YHXdabTs…. #fb #scgop #tcot #teamsantorum #scprimary
Charleston,patriotmom61,157469429049999362,2012-01-12 14:30:12 UTC,RT @TeamSantorumSC: RT @ricksantorum: Honored to have your support. http://t.co/YHXdabTs…. #fb #scgop #tcot #teamsantorum #scprimary
Charleston,TeamSantorumSC,157477963330359298,2012-01-12 15:04:07 UTC,Packed house in Sun City for Town Hall with @RickSantorum. Thank you Sun City! http://t.co/dyuMvj02
Charleston,TeamSantorumIA,157481683187281920,2012-01-12 15:18:53 UTC,RT @TeamSantorumSC: Packed house in Sun City for Town Hall with @RickSantorum. Thank you Sun City! http://t.co/dyuMvj02
Charleston,WCBD,157484571733147648,2012-01-12 15:30:22 UTC,Rick Santorum will be in Hilton Head 2day speaking to voters we will be LIVE STREAMING this event http://t.co/FnHYUArR
Charleston,TeamSantorumSC,157486201580953600,2012-01-12 15:36:52 UTC,@RickSantorum's brother Dan Santorum giving a heartfelt introduction of his brother. http://t.co/asRziY4v
Charleston,sahlersmeyer,157488845192040448,2012-01-12 15:47:21 UTC,RT @TeamSantorumSC: @RickSantorum's brother Dan Santorum giving a heartfelt introduction of his brother. http://t.co/asRziY4v
Charleston,TeamSantorum,157489670719148032,2012-01-12 15:50:38 UTC,RT @TeamSantorumSC: Packed house in Sun City for Town Hall with @RickSantorum. Thank you Sun City! http://t.co/dyuMvj02
Charleston,ClasicMthrGoose,157490278029205505,2012-01-12 15:53:02 UTC,RT @TeamSantorumSC: @RickSantorum's brother Dan Santorum giving a heartfelt introduction of his brother. http://t.co/asRziY4v
Charleston,TeamSantorumSC,157491156312268803,2012-01-12 15:56:32 UTC,@RickSantorum taking questions from the Sun City crowd. http://t.co/xpzFDwco
Charleston,StarlaMBrown,157491262818238464,2012-01-12 15:56:57 UTC,RT @TeamSantorumSC: @RickSantorum's brother Dan Santorum giving a heartfelt introduction of his brother. http://t.co/asRziY4v
Charleston,TeamSantorumIA,157491381517029377,2012-01-12 15:57:26 UTC,RT @TeamSantorumSC: @RickSantorum taking questions from the Sun City crowd. http://t.co/xpzFDwco
Charleston,TeamSantorumKY,157491787898949632,2012-01-12 15:59:02 UTC,RT @TeamSantorumSC: @RickSantorum taking questions from the Sun City crowd. http://t.co/xpzFDwco
Charleston,SantorumTwibe,157491790570733568,2012-01-12 15:59:03 UTC,RT @TeamSantorumSC: @RickSantorum taking questions from the Sun City crowd. http://t.co/xpzFDwco
Charleston,CatholicLisa,157491793376714754,2012-01-12 15:59:04 UTC,RT @TeamSantorumSC: @RickSantorum taking questions from the Sun City crowd. http://t.co/xpzFDwco
Charleston,Kr0wNyghtmare,157491944610725889,2012-01-12 15:59:40 UTC,RT @TeamSantorumSC: @RickSantorum taking questions from the Sun City crowd. http://t.co/xpzFDwco
Charleston,ceolas,157492775254896642,2012-01-12 16:02:58 UTC,RT @TeamSantorumSC: @RickSantorum taking questions from the Sun City crowd. http://t.co/xpzFDwco
Charleston,MikeDelph,157493532616171520,2012-01-12 16:05:58 UTC,RT @TeamSantorumSC: @RickSantorum's brother Dan Santorum giving a heartfelt introduction of his brother. http://t.co/asRziY4v
Charleston,WAlights,157494767922585602,2012-01-12 16:10:53 UTC,RT @TeamSantorumSC: @RickSantorum taking questions from the Sun City crowd. http://t.co/xpzFDwco
Charleston,timdaker,157496475838971904,2012-01-12 16:17:40 UTC,RT @TeamSantorumSC: Packed house in Sun City for Town Hall with @RickSantorum. Thank you Sun City! http://t.co/dyuMvj02
Charleston,gopbec,157497082129817602,2012-01-12 16:20:05 UTC,RT @TeamSantorumSC: Packed house in Sun City for Town Hall with @RickSantorum. Thank you Sun City! http://t.co/dyuMvj02
Charleston,WCBD,157503444154978304,2012-01-12 16:45:22 UTC,Santorum faces double-barreled challenge in SC http://t.co/JGFeLM3l
Charleston,CharlestonShop,157507688606085120,2012-01-12 17:02:13 UTC,Santorum faces double-barreled challenge in SC http://t.co/u5jiTEwy #CHS #news
Charleston,999draW,157510639462526976,2012-01-12 17:13:57 UTC,#scgop #scprimary #TCOT We must rally around 1of the non-Romney candidates.Newt is our man! #withNewt Santorum&Perry are good;Newt is great!
Charleston,TeamSantorumSC,157514392441856000,2012-01-12 17:28:53 UTC,Over 350 people at the @RickSantorum Hilton Head rally. Wow! http://t.co/6emLFGio
Charleston,miamaddiesmom,157516576231395329,2012-01-12 17:37:32 UTC,RT @TeamSantorumSC: Over 350 people at the @RickSantorum Hilton Head rally. Wow! http://t.co/6emLFGio
Charleston,CharlestonShop,157518305912041472,2012-01-12 17:44:25 UTC,Santorum faces double-barreled challenge in SC http://t.co/YD55I3TM #SouthCarolina #News
Charleston,TeamSantorumSC,157518474795696128,2012-01-12 17:45:05 UTC,We will be there tomorrow! RT@steven_bremer: @RickSantorum hope you make it up here to York County before the primary. #GameOn #scprimary
Charleston,sahlersmeyer,157519211135123457,2012-01-12 17:48:01 UTC,RT @TeamSantorumSC: Over 350 people at the @RickSantorum Hilton Head rally. Wow! http://t.co/6emLFGio
Charleston,jill_latham,157520584174084097,2012-01-12 17:53:28 UTC,RT @TeamSantorumSC: Over 350 people at the @RickSantorum Hilton Head rally. Wow! http://t.co/6emLFGio
Charleston,TeamSantorumSC,157525575572008961,2012-01-12 18:13:18 UTC,"@RickSantorum: ""Don't settle for less than what America needs. Hilton Head, I need your support!"""
Charleston,JimHumbert,157527538506285059,2012-01-12 18:21:06 UTC,"RT @TeamSantorumSC: @RickSantorum: ""Don't settle for less than what America needs. Hilton Head, I need your support!"""
Charleston,TPANick,157539889645228033,2012-01-12 19:10:11 UTC,"Check out my new article: Rick Santorum, The Romney Alternative to Romney up at #CDNews http://t.co/DlafGKqP #tcot #tlot #gop2012 #tpp"
Charleston,Mr_Conservative,157552123104595971,2012-01-12 19:58:47 UTC,RT @southernavenger: ATTN South Carolina: Santorum Opposed Right to Work http://t.co/2eGijiyv
Charleston,TPANick,157553058593775616,2012-01-12 20:02:31 UTC,"Check out my article: Rick Santorum, The Romney Alternative to Romney up at @Charlestonpats http://t.co/iFL6yvwp #tcot #tlot #gop2012 #tpp"
Charleston,TeamSantorumKY,157557596298035200,2012-01-12 20:20:32 UTC,RT @TeamSantorumSC: Dan Santorum introducing @RickSantorum in Beaufort. Check out the view! http://t.co/d6coLiSR
Charleston,SantorumTwibe,157557599766708224,2012-01-12 20:20:33 UTC,RT @TeamSantorumSC: Dan Santorum introducing @RickSantorum in Beaufort. Check out the view! http://t.co/d6coLiSR
Charleston,CatholicLisa,157557605449994240,2012-01-12 20:20:35 UTC,RT @TeamSantorumSC: Dan Santorum introducing @RickSantorum in Beaufort. Check out the view! http://t.co/d6coLiSR
Charleston,Kr0wNyghtmare,157558066315923457,2012-01-12 20:22:24 UTC,RT @TeamSantorumSC: Dan Santorum introducing @RickSantorum in Beaufort. Check out the view! http://t.co/d6coLiSR
Charleston,TeamSantorumIA,157560301913518080,2012-01-12 20:31:17 UTC,RT @TeamSantorumSC: Dan Santorum introducing @RickSantorum in Beaufort. Check out the view! http://t.co/d6coLiSR
Charleston,IveyRhodes,157560594311032832,2012-01-12 20:32:27 UTC,Picked up some yard signs and bracelets. And going to the town hall tonight. (@ South Carolina Santorum Headquarters) http://t.co/Q0XtmrJ4
Charleston,WardBrenda,157562692905869312,2012-01-12 20:40:48 UTC,RT @TeamSantorumSC: Over 350 people at the @RickSantorum Hilton Head rally. Wow! http://t.co/6emLFGio
Charleston,MichaelBiundo,157562912666423296,2012-01-12 20:41:40 UTC,RT @TeamSantorumSC: Over 350 people at the @RickSantorum Hilton Head rally. Wow! http://t.co/6emLFGio
Charleston,DBondinkc,157563060620500992,2012-01-12 20:42:15 UTC,RT @TeamSantorumSC: Dan Santorum introducing @RickSantorum in Beaufort. Check out the view! http://t.co/d6coLiSR
Charleston,TeamSantorumIA,157563707814199296,2012-01-12 20:44:49 UTC,RT @TeamSantorumSC: Over 350 people at the @RickSantorum Hilton Head rally. Wow! http://t.co/6emLFGio
Charleston,prismsinc,157564012551356416,2012-01-12 20:46:02 UTC,RT @TeamSantorumSC: Over 350 people at the @RickSantorum Hilton Head rally. Wow! http://t.co/6emLFGio
Charleston,thecross222,157564269712519168,2012-01-12 20:47:03 UTC,@RickSantorum http://t.co/aMc5h9g5 may have a virus problem. Just thought you should know.
Charleston,ceolas,157564473194983425,2012-01-12 20:47:52 UTC,RT @TeamSantorumSC: Over 350 people at the @RickSantorum Hilton Head rally. Wow! http://t.co/6emLFGio
Charleston,Kr0wNyghtmare,157565508743479296,2012-01-12 20:51:59 UTC,RT @TeamSantorumSC: Over 350 people at the @RickSantorum Hilton Head rally. Wow! http://t.co/6emLFGio
Charleston,TeamSantorumSC,157567851295813632,2012-01-12 21:01:17 UTC,"RT@jill_latham: Mark Levin: ""If I were voting today, it would be for Santorum"" http://t.co/BA8kvFqZ #scprimary #scgop"
Charleston,MaxCUA,157568044095385600,2012-01-12 21:02:03 UTC,"RT @TeamSantorumSC: RT@jill_latham: Mark Levin: ""If I were voting today, it would be for Santorum"" http://t.co/BA8kvFqZ #scprimary #scgop"
Charleston,ceolas,157568235028480000,2012-01-12 21:02:49 UTC,"RT @TeamSantorumSC: RT@jill_latham: Mark Levin: ""If I were voting today, it would be for Santorum"" http://t.co/BA8kvFqZ #scprimary #scgop"
Charleston,Ohio4Santorum,157573068762529793,2012-01-12 21:22:01 UTC,"RT @TeamSantorumSC: RT@jill_latham: Mark Levin: ""If I were voting today, it would be for Santorum"" http://t.co/BA8kvFqZ #scprimary #scgop"
Charleston,Will_Estrada,157574316681216000,2012-01-12 21:26:59 UTC,RT @TeamSantorumSC: Over 350 people at the @RickSantorum Hilton Head rally. Wow! http://t.co/6emLFGio
Charleston,LetsPolitick,157574906161278976,2012-01-12 21:29:19 UTC,"RT @TeamSantorumSC: RT@jill_latham: Mark Levin: ""If I were voting today, it would be for Santorum"" http://t.co/BA8kvFqZ #scprimary #scgop"
Charleston,Cheers_JW,157581800544272384,2012-01-12 21:56:43 UTC,"""Santorum Surges from Behind"" ""Santorum Runs Hard"" 
""Romney Squeezes Out Santorum"" 

http://t.co/0oK0jxrp
#santorum #assclown"
Charleston,USCGMMA,157583000945700864,2012-01-12 22:01:30 UTC,Perfect display. @TheFiveFNC @SCGOP @SCPrimary  @IBDeditorials @mittromney @newtgingrich @teamrickperry @ricksantorum http://t.co/tWpmSSrc
Charleston,jerryallenrose,157586029132525569,2012-01-12 22:13:31 UTC,@RickSantorum We will give you a #Ronpaul welcome when you roll to #Charleston #chs - #ronpaul in 2012 -
Charleston,Deja_Live5News,157595660374392832,2012-01-12 22:51:48 UTC,A little over an hr before Rick Santorum speaks in Daniel Island! Follow @Live5News and myself for the latest! #chsnews
Charleston,Ceasley_Live5,157596157101604864,2012-01-12 22:53:46 UTC,RT @Deja_Live5News A little over an hr before Rick Santorum speaks in Daniel Island! Follow @Live5News and myself for the latest! #chsnews
Charleston,CharletFaye1,157448104809996288,2012-01-12 13:05:28 UTC,"Disgusting! @ericbolling Excuse me Sir, but your fair&balanced was MIA in your interview w/@newtgingrich 
You can have #Perry, r u serious?!"
Charleston,shawnpisteySC,157470005506748416,2012-01-12 14:32:29 UTC,Sean Hannity Goes After Rick Perry For Calling Mitt Romney a Vulture Capitalist http://t.co/mK8umfFd
Charleston,postandcourier,157471313462702080,2012-01-12 14:37:41 UTC,RT @skropf47: Summerville and Walterboro getting visits from Rick Perry today
Charleston,ryanfcastle,157472903384932352,2012-01-12 14:44:00 UTC,Rick Perry will visit Century 21 in Sville @ 2pm; Newt Gingrich will appear at the Rally for Homeownership in Cola @ 1 pm
Charleston,norriseppes,157474211282165760,2012-01-12 14:49:12 UTC,RT @postandcourier: RT @skropf47: Summerville and Walterboro getting visits from Rick Perry today
Charleston,CharlestonShop,157491237212008448,2012-01-12 15:56:51 UTC,Perry loses key SC backer after attack on Romney http://t.co/b1XsPGCa #CHS #news
Charleston,CharlestonShop,157493104348368898,2012-01-12 16:04:16 UTC,Perry loses key SC backer after attack on Romney http://t.co/2VyU9pKy #Charleston #SC
Charleston,howardchalmers,157499512066281474,2012-01-12 16:29:44 UTC,His philosophy applies 2 US! MT @e4p12: Rick Perry made Texas one of the most industry-friendly states in the nation: http://t.co/jscImwdT
Charleston,CRBJ,157510243868352512,2012-01-12 17:12:23 UTC,Watching CNN stream video of Rick Perry interrupting lunch for some BBQ fans at a joint in Orangeburg.
Charleston,dmsn1316,157515270913658881,2012-01-12 17:32:21 UTC,"http://t.co/oT8nPW9b Perry donor defects to Romney, citing Bain attacks (from @cnn)"
Charleston,zachlamb,157544142698844161,2012-01-12 19:27:05 UTC,Thanks @GovernorPerry 4 coming to Lowcountry talking about smart programs to get clean water to those who need it http://t.co/q3Y69AMP
Charleston,clesnie,157544614625161220,2012-01-12 19:28:57 UTC,"""you know, if you think about it, if you don't stand for something you will fall for anything"" - dude at the Rick Perry event #cliche"
Charleston,ABCNews4WebGrrl,157547936044154881,2012-01-12 19:42:09 UTC,A work in progress: join us as we get updates from the #RickPerry event in Summerville!   http://t.co/AZISjOBN #GOP #chsnews
Charleston,ABCNews4,157547938384584704,2012-01-12 19:42:10 UTC,A work in progress: join us as we get updates from the #RickPerry event in Summerville!   http://t.co/7Lzc9f92 #GOP #chsnews
Charleston,clesnie,157549431988817920,2012-01-12 19:48:07 UTC,Just a couple of Air Force pilots hanging out (w/ @GovernorPerry) #GOP  #scgop http://t.co/o59eCnbj
Charleston,CharlestonShop,157549666051960832,2012-01-12 19:49:02 UTC,Rick Perry meets and greets voters in Summerville http://t.co/SoM4wn7q #CHS #news
Charleston,mvfazzino,157549703708426241,2012-01-12 19:49:11 UTC,RT @zachlamb: Thanks @GovernorPerry 4 coming to Lowcountry talking about smart programs to get clean water to those who need it http://t.co/q3Y69AMP
Charleston,ABCNews4,157553724238204930,2012-01-12 20:05:09 UTC,Rick Perry meets and greets voters in Summerville: A crowd gathered at Murphy Law Firm in Summervi... http://t.co/nUbTYvve #chs #chsnews
Charleston,ABCNews4,157558531036418048,2012-01-12 20:24:15 UTC,#RickPerry disappoints crowd of supporters in #Summerville:   http://t.co/7Lzc9f92 #GOP #SCnews #chs #chsnews
Charleston,ABCNews4WebGrrl,157558528012328960,2012-01-12 20:24:15 UTC,#RickPerry disappoints crowd of supporters in #Summerville:   http://t.co/AZISjOBN #GOP #SCnews #chs #chsnews
Charleston,ABCNews4,157558749362524160,2012-01-12 20:25:07 UTC,Perry disappoints supporters in Summerville: http://t.co/JUr9cWgD
Charleston,amaute,157563635445669888,2012-01-12 20:44:32 UTC,@carolineoneal RT@ABCNews4 Perry disappoints supporters in Summerville: http://t.co/rXTx5lJJ
Charleston,Boltboy843,157565897400266753,2012-01-12 20:53:32 UTC,"Summerville disappointed that Rick Perry only signed autographs and shook hands, did you really think he could answer your questions #CHS"
Charleston,Live5News,157569404941500417,2012-01-12 21:07:28 UTC,RT @Live5Assign:Bill Sharpe anchoring at Fat Jack's Grilling & Chilln' Restaurant in Walterboro for presidential hopeful Rick Perry #chsnews
Charleston,zachlamb,157573052635414528,2012-01-12 21:21:58 UTC,"Gov. Perry hugged me and said ""I love seeing you ONEsters."" He understands the importance of foreign aid #SCPrimary http://t.co/4MhiwMCn"
Charleston,ryanfcastle,157580646724812801,2012-01-12 21:52:08 UTC,RT @billy_simons: .@GovernorPerry speaking with @ChasREALTORS in Summerville #scprimary http://t.co/CEtEbUXM
Charleston,Live5News,157587956310355969,2012-01-12 22:21:11 UTC,RT @sandlapperphoto: Gov. Rick Perry in Walterboro. #chsnews http://t.co/GpeNrOB4
Charleston,Babak_Kabab,157599225385979904,2012-01-12 23:05:58 UTC,"“@Live5Assign: Sharpe anchoring at Fat Jack's Grilling 4 presidential hopeful Rick Perry."" Perry is a joke. Tell sharp to take his place"
Charleston,SCollins0228,157426476441022464,2012-01-12 11:39:31 UTC,"DeMint: SCGOP Should Listen To Ron Paul http://t.co/kXeSswax Finally, DeMint starts to come around. Took him forever to realize the obvious"
Charleston,SCollins0228,157427724795908096,2012-01-12 11:44:29 UTC,Ron Paul Seeks Anti-Romney Role http://t.co/Bxrao05Z
Charleston,LowCountryToday,157448483266240512,2012-01-12 13:06:58 UTC,What's Next for Ron Paul? News Article: http://t.co/8UqYclpk via @AddThis
Charleston,ToskaHusted,157458657959886848,2012-01-12 13:47:24 UTC,There's hope for USA! Ron Paul 2012!
Charleston,thespoonfedblog,157459893379530753,2012-01-12 13:52:18 UTC,"""‎Criticizing Ron Paul for not passing bills in Congress is like criticizing a nun in a whore house for..."" http://t.co/lEdNuULw"
Charleston,micahlmartin,157459988246302721,2012-01-12 13:52:41 UTC,"RT @thespoonfedblog: ""‎Criticizing Ron Paul for not passing bills in Congress is like criticizing a nun in a whore house for..."" http://t.co/lEdNuULw"
Charleston,scotty_likes_it,157460972641062912,2012-01-12 13:56:36 UTC,"RT @thespoonfedblog: ""‎Criticizing Ron Paul for not passing bills in Congress is like criticizing a nun in a whore house for..."" http://t.co/lEdNuULw"
Charleston,JGLiberty,157461600046030848,2012-01-12 13:59:05 UTC,"RT @thespoonfedblog: ""‎Criticizing Ron Paul for not passing bills in Congress is like criticizing a nun in a whore house for..."" http://t.co/lEdNuULw"
Charleston,thespoonfedblog,157462830679982080,2012-01-12 14:03:59 UTC,10 Reasons Why Liberals And Conservatives Are Supporting Ron Paul http://t.co/KZOKhvw7 #ronpaul #tcot #tlot #dem #liberal #p2
Charleston,micahlmartin,157462845771096064,2012-01-12 14:04:02 UTC,RT @thespoonfedblog: 10 Reasons Why Liberals And Conservatives Are Supporting Ron Paul http://t.co/KZOKhvw7 #ronpaul #tcot #tlot #dem #liberal #p2
Charleston,wapi40,157463160268394496,2012-01-12 14:05:17 UTC,RT @thespoonfedblog: 10 Reasons Why Liberals And Conservatives Are Supporting Ron Paul http://t.co/KZOKhvw7 #ronpaul #tcot #tlot #dem #liberal #p2
Charleston,weareu,157463440309501953,2012-01-12 14:06:24 UTC,RT @thespoonfedblog: 10 Reasons Why Liberals And Conservatives Are Supporting Ron Paul http://t.co/KZOKhvw7 #ronpaul #tcot #tlot #dem #liberal #p2
Charleston,MikeBeas,157465770497015808,2012-01-12 14:15:39 UTC,"If you're one of those nuts who calls @RonPaul ""Dr. Ron Paul"" because he's a gynecologist, you'd better call @kenjeong ""Dr. Ken Jeong, M.D."""
Charleston,MikeBeas,157470214500515842,2012-01-12 14:33:19 UTC,@WiLibertarian @croz24 @RonPaul @kenjeong it's so weird that he would become an actor after that though haha
Charleston,RobertdGoodman,157473117902614528,2012-01-12 14:44:51 UTC,RT @WCBD: Ron Paul speaks to SC voters in Columbia http://t.co/lHX8EmaN
Charleston,thespoonfedblog,157485141600636930,2012-01-12 15:32:38 UTC,Driving a Wedge With Simplicity - Some ignoramus at the Huffington Post wrote a post calling Ron Paul and... http://t.co/tYj2pkF6
Charleston,micahlmartin,157485260307836928,2012-01-12 15:33:06 UTC,RT @thespoonfedblog: Driving a Wedge With Simplicity - Some ignoramus at the Huffington Post wrote a post calling Ron Paul and... http://t.co/tYj2pkF6
Charleston,thespoonfedblog,157485564990459904,2012-01-12 15:34:19 UTC,Driving a Wedge with Simplicity - Why Ron Pauls message does not have mass appeal #ronpaul #tcot #tlot #gop #dem #liberal
Charleston,micahlmartin,157485597433401344,2012-01-12 15:34:27 UTC,RT @thespoonfedblog: Driving a Wedge with Simplicity - Why Ron Pauls message does not have mass appeal #ronpaul #tcot #tlot #gop #dem #liberal
Charleston,selfgovus,157485619117948929,2012-01-12 15:34:32 UTC,RT @thespoonfedblog: Driving a Wedge with Simplicity - Why Ron Pauls message does not have mass appeal #ronpaul #tcot #tlot #gop #dem #liberal
Charleston,thespoonfedblog,157486839291330560,2012-01-12 15:39:23 UTC,Take Ron Paul Out Of The Equation - Jon Stewert points out more absurdity in the lame stream media. http://t.co/XPRyn98Z
Charleston,micahlmartin,157487161401290752,2012-01-12 15:40:39 UTC,RT @thespoonfedblog: Take Ron Paul Out Of The Equation - Jon Stewert points out more absurdity in the lame stream media. http://t.co/XPRyn98Z
Charleston,tr0nPr0n,157488875739156481,2012-01-12 15:47:28 UTC,@MattMooreSC support Ron Paul!!!  toss Romney aside(rino)
Charleston,RamDaRealist,157489334847672322,2012-01-12 15:49:18 UTC,RT @tr0nPr0n: @MattMooreSC support Ron Paul!!!  toss Romney aside(rino)
Charleston,micahlmartin,157490586771927040,2012-01-12 15:54:16 UTC,Ron Paul Daily is out! http://t.co/CO3PEsPq ▸ Top stories today via @bedfordnhpatch @lost74lbs @shawnccpr @rp4513 @metroranchero
Charleston,christinaorso,157513951217844224,2012-01-12 17:27:07 UTC,"""ron paul? he's like 80. he won't even make it up the white house lawn. i can barely make it up the lawn."" -@seanianlynch"
Charleston,DreadPirateMoya,157523459193323521,2012-01-12 18:04:53 UTC,Great article about Ron Paul and his treatment by mainstream media sources.... http://t.co/ieOuIu6W
Charleston,southernavenger,157525277621223424,2012-01-12 18:12:07 UTC,Jim DeMint: The GOP Must Start Listening to Ron Paul http://t.co/Du10vicu
Charleston,1Dimitri,157525546086047744,2012-01-12 18:13:11 UTC,RT @southernavenger: Jim DeMint: The GOP Must Start Listening to Ron Paul http://t.co/Du10vicu
Charleston,mikeshb,157525625643606016,2012-01-12 18:13:30 UTC,RT @southernavenger: Jim DeMint: The GOP Must Start Listening to Ron Paul http://t.co/Du10vicu
Charleston,cakochenash,157525832926105600,2012-01-12 18:14:19 UTC,RT @southernavenger: Jim DeMint: The GOP Must Start Listening to Ron Paul http://t.co/Du10vicu
Charleston,charlesgarrison,157525900383096832,2012-01-12 18:14:35 UTC,RT @southernavenger: Jim DeMint: The GOP Must Start Listening to Ron Paul http://t.co/Du10vicu
Charleston,Tylerhildebran,157527663374897152,2012-01-12 18:21:36 UTC,RT @southernavenger: Jim DeMint: The GOP Must Start Listening to Ron Paul http://t.co/Du10vicu
Charleston,pensasoda,157529767661420544,2012-01-12 18:29:58 UTC,RT @southernavenger: Jim DeMint: The GOP Must Start Listening to Ron Paul http://t.co/Du10vicu
Charleston,NHTeaParties,157532441190469633,2012-01-12 18:40:35 UTC,RT @southernavenger: Jim DeMint: The GOP Must Start Listening to Ron Paul http://t.co/Du10vicu
Charleston,JimMacKayWNTK,157532512837574656,2012-01-12 18:40:52 UTC,RT @southernavenger: Jim DeMint: The GOP Must Start Listening to Ron Paul http://t.co/Du10vicu
Charleston,RonPaulSC,157532818749136896,2012-01-12 18:42:05 UTC,RT @southernavenger: Jim DeMint: The GOP Must Start Listening to Ron Paul http://t.co/Du10vicu
Charleston,LibertyVideos,157533111939371008,2012-01-12 18:43:15 UTC,RT @southernavenger: Jim DeMint: The GOP Must Start Listening to Ron Paul http://t.co/Du10vicu
Charleston,RonPaulNH2012,157533689566343169,2012-01-12 18:45:33 UTC,RT @southernavenger: Jim DeMint: The GOP Must Start Listening to Ron Paul http://t.co/Du10vicu
Charleston,Connorreeves1,157533923906293760,2012-01-12 18:46:28 UTC,RT @southernavenger: Jim DeMint: The GOP Must Start Listening to Ron Paul http://t.co/Du10vicu
Charleston,Joshua_Roberts_,157534085835788288,2012-01-12 18:47:07 UTC,RT @southernavenger: Jim DeMint: The GOP Must Start Listening to Ron Paul http://t.co/Du10vicu
Charleston,AlwaysResist,157535061292490752,2012-01-12 18:51:00 UTC,RT @southernavenger: Jim DeMint: The GOP Must Start Listening to Ron Paul http://t.co/Du10vicu
Charleston,swpiston,157536041711050752,2012-01-12 18:54:53 UTC,RT @southernavenger: Jim DeMint: The GOP Must Start Listening to Ron Paul http://t.co/Du10vicu
Charleston,PatriotWriter,157536542875860993,2012-01-12 18:56:53 UTC,RT @southernavenger: Jim DeMint: The GOP Must Start Listening to Ron Paul http://t.co/Du10vicu
Charleston,propagare,157536766121877504,2012-01-12 18:57:46 UTC,RT @southernavenger: Jim DeMint: The GOP Must Start Listening to Ron Paul http://t.co/Du10vicu
Charleston,Assad_Khan,157536786904653825,2012-01-12 18:57:51 UTC,RT @southernavenger: Jim DeMint: The GOP Must Start Listening to Ron Paul http://t.co/Du10vicu
Charleston,libertyspot,157536939929636864,2012-01-12 18:58:28 UTC,RT @southernavenger: Jim DeMint: The GOP Must Start Listening to Ron Paul http://t.co/Du10vicu
Charleston,CFHeather,157537148973748224,2012-01-12 18:59:17 UTC,RT @southernavenger: Jim DeMint: The GOP Must Start Listening to Ron Paul http://t.co/Du10vicu
Charleston,freedtothink,157537161602793472,2012-01-12 18:59:20 UTC,RT @southernavenger: Jim DeMint: The GOP Must Start Listening to Ron Paul http://t.co/Du10vicu
Charleston,DreadPirateMoya,157544494185709568,2012-01-12 19:28:29 UTC,12.5 minutes of pre-New Hampshire primary discussion on CBS. Guess how many times Ron Paul (the candidate polling... http://t.co/fuHtDjje
Charleston,JHobbs1201,157546032127938560,2012-01-12 19:34:35 UTC,RT @southernavenger: Jim DeMint: The GOP Must Start Listening to Ron Paul http://t.co/Du10vicu
Charleston,thespoonfedblog,157550308631908353,2012-01-12 19:51:35 UTC,Video: Lew Rockwell on Freedom talking about the Ron Paul Phenomenon. › Ron Paul has young people reading... http://t.co/IK878Woc
Charleston,southernavenger,157550438265257984,2012-01-12 19:52:06 UTC,Ron Paul's government guillotine http://t.co/dBnxlhrO via @chasCityPaper
Charleston,micahlmartin,157550480346722304,2012-01-12 19:52:16 UTC,Ron Paul has young people reading books. Who ever heard of such a thing? http://t.co/tKq39qO3
Charleston,r3VOLutionRP12,157550570280984576,2012-01-12 19:52:37 UTC,RT @southernavenger: Ron Paul's government guillotine http://t.co/dBnxlhrO via @chasCityPaper
Charleston,thespoonfedblog,157550583509819392,2012-01-12 19:52:40 UTC,Ron Paul has young people reading books. Who ever heard of such a thing? http://t.co/b2ExN5c4 #tcot #tlot #dem #liberal #gop
Charleston,jb82185,157550594968653824,2012-01-12 19:52:43 UTC,RT @southernavenger: Ron Paul's government guillotine http://t.co/dBnxlhrO via @chasCityPaper
Charleston,charlesgarrison,157551462392672256,2012-01-12 19:56:10 UTC,RT @southernavenger: Ron Paul's government guillotine http://t.co/dBnxlhrO via @chasCityPaper
Charleston,propagare,157551998441496576,2012-01-12 19:58:18 UTC,RT @southernavenger: Ron Paul's government guillotine http://t.co/dBnxlhrO via @chasCityPaper
Charleston,jonflombee,157552072718434305,2012-01-12 19:58:35 UTC,RT @thespoonfedblog: Ron Paul has young people reading books. Who ever heard of such a thing? http://t.co/b2ExN5c4 #tcot #tlot #dem #liberal #gop
Charleston,Political_Maven,157552271222259713,2012-01-12 19:59:23 UTC,RT @thespoonfedblog: Ron Paul has young people reading books. Who ever heard of such a thing? http://t.co/b2ExN5c4 #tcot #tlot #dem #liberal #gop
Charleston,RonPaulResource,157552416575848448,2012-01-12 19:59:57 UTC,RT @micahlmartin: Ron Paul has young people reading books. Who ever heard of such a thing? http://t.co/tKq39qO3
Charleston,dbevins23,157554695416713217,2012-01-12 20:09:01 UTC,"Right to work States are Bullsh*t!! I live in SC, and it is one of them. I bet @RonPaul wouldn't allow this! Just more corrupt gov. BS!!"
Charleston,Carly_1776,157555698245451776,2012-01-12 20:13:00 UTC,RT @southernavenger: Jim DeMint: The GOP Must Start Listening to Ron Paul http://t.co/Du10vicu
Charleston,marinokaren21,157557042666676224,2012-01-12 20:18:20 UTC,RT @micahlmartin: Ron Paul has young people reading books. Who ever heard of such a thing? http://t.co/tKq39qO3
Charleston,CharlestonShop,157557784248975360,2012-01-12 20:21:17 UTC,Young voters propelling Ron Paul's campaign http://t.co/tpjIr3WA #CHS #news
Charleston,Blake4Liberty,157564393268330496,2012-01-12 20:47:33 UTC,RT @southernavenger: Ron Paul's government guillotine http://t.co/dBnxlhrO via @chasCityPaper
Charleston,Blake4Liberty,157564424897564672,2012-01-12 20:47:40 UTC,RT @southernavenger: Jim DeMint: The GOP Must Start Listening to Ron Paul http://t.co/Du10vicu
Charleston,PepperLSnyder,157564891811692545,2012-01-12 20:49:32 UTC,RT @southernavenger: Jim DeMint: The GOP Must Start Listening to Ron Paul http://t.co/Du10vicu
Charleston,deejakdc,157567414249324544,2012-01-12 20:59:33 UTC,RT @southernavenger: Jim DeMint: The GOP Must Start Listening to Ron Paul http://t.co/Du10vicu
Charleston,tr0nPr0n,157570532009705472,2012-01-12 21:11:57 UTC,@RedState what are you afraid of? truth is treason in the empire of lies.  #ronpaul
Charleston,tr0nPr0n,157576536579522561,2012-01-12 21:35:48 UTC,@RedState plese donate to the #ronpaul #SC money bomb http://t.co/p7F4FJw6
Charleston,butterfly429,157578241278877696,2012-01-12 21:42:35 UTC,"Post & Courier snapped this of my hubby @micahlmartin & lil Faith @RonPaul event in Columbia, SC yesterday. http://t.co/we1QOqVa"
Charleston,butterfly429,157579151476396032,2012-01-12 21:46:17 UTC,@micahlmartin getting @RonPaul to sign our yard sign :) #Ronpaul http://t.co/n5wNKPqM
Charleston,Agonzo1,157580328771391490,2012-01-12 21:50:52 UTC,RT @southernavenger: Ron Paul's government guillotine http://t.co/dBnxlhrO via @chasCityPaper
Charleston,ssbrownsfan1,157580355300376576,2012-01-12 21:50:59 UTC,"RT @MikeBeas: Going to put a Ron Paul sign in my yard. Not because I like Ron Paul, though. Just because I want to scare off Mormons who may come knocking"
Charleston,micahlmartin,157580443439480832,2012-01-12 21:51:20 UTC,"RT @butterfly429: Post & Courier snapped this of my hubby @micahlmartin & lil Faith @RonPaul event in Columbia, SC yesterday. http://t.co/we1QOqVa"
Charleston,rfisk,157580684519677952,2012-01-12 21:52:17 UTC,RT @southernavenger: Ron Paul's government guillotine http://t.co/dBnxlhrO via @chasCityPaper
Charleston,Techno_Shamrock,157587964338253825,2012-01-12 22:21:13 UTC,RT @southernavenger: Jim DeMint: The GOP Must Start Listening to Ron Paul http://t.co/Du10vicu
Charleston,butterfly429,157589253382090752,2012-01-12 22:26:20 UTC,RT @thespoonfedblog: Take Ron Paul Out Of The Equation - Jon Stewert points out more absurdity in the lame stream media. http://t.co/XPRyn98Z
Charleston,PaulWilczynski,157436213110898688,2012-01-12 12:18:12 UTC,Movie takes down @MittRomney as economic savior http://t.co/t8X2Dei2. @BarackObama
Charleston,blakeweathersby,157447860219162624,2012-01-12 13:04:29 UTC,Mitt Romney counts the jobs he created at Bain Capital the way a gambler counts his winnings...ignoring all of the losses!
Charleston,shaunsawyer,157449967487827968,2012-01-12 13:12:52 UTC,Business Friendly SC may forgive Romney's Job cuts http://t.co/tEWgyWfc #CHS
Charleston,CharletFaye1,157451730181832704,2012-01-12 13:19:52 UTC,"http://t.co/kJ810mSF
Q: Is @MittRomney as #TRANSPARENT as @barackobama? 
A: The Jury Is Still Out....
Mitt is a liberal http://t.co/Rsw7gzWY"
Charleston,DashEaves,157452203651629056,2012-01-12 13:21:45 UTC,RT @blakeweathersby: Mitt Romney counts the jobs he created at Bain Capital the way a gambler counts his winnings...ignoring all of the losses!
Charleston,hartleycooper,157456333967335424,2012-01-12 13:38:10 UTC,RT @haireofthedog: Tea Time is Over: Romney's victory is a sign that the GOP establishment is back in charge http://t.co/37H5HkA0 via @chasCityPaper
Charleston,edcokpareke,157456572224770048,2012-01-12 13:39:06 UTC,@flightblogger Romney TV ad now playing in SC centered around Boeing's Charleston plant and the NLRB suit.
Charleston,WCBD,157466476905902081,2012-01-12 14:18:28 UTC,"GOP candidates woo DeMint, predicts Romney victory http://t.co/2DMCfuh5"
Charleston,WCBD,157466951759826944,2012-01-12 14:20:21 UTC,Business-friendly SC may forgive Romney's job cuts http://t.co/i1AZ2IYy
Charleston,shawnpisteySC,157469662567870464,2012-01-12 14:31:07 UTC,John Bolton to endorse… Romney!! http://t.co/4eUD6xHD
Charleston,CharlestonShop,157473491900309504,2012-01-12 14:46:20 UTC,Business-friendly SC may forgive Romney's job cuts http://t.co/xzfTQnL9 #CHS #news
Charleston,shawnpisteySC,157479035822292992,2012-01-12 15:08:22 UTC,Chris Matthews and Hardball Guests Laugh at Mitt Romney's Sons  http://t.co/RGDWWWBu
Charleston,CharlestonShop,157482220146278400,2012-01-12 15:21:01 UTC,Romney tells SC voters he's 'pro-life' candidate http://t.co/VDJHUa2c #CHS #news
Charleston,shawnpisteySC,157483921632796673,2012-01-12 15:27:47 UTC,"Was That Romney You Were Condemning, Chris Matthews - or JFK? http://t.co/yUPUGuGf"
Charleston,Gr8fulBeau,157487598259027968,2012-01-12 15:42:24 UTC,"Romney Announces Support from South Carolina Leaders - West Ashley, SC Patch http://t.co/MniBe8fy"
Charleston,Gr8fulBeau,157487769193689090,2012-01-12 15:43:04 UTC,"Is SC the Final Chance for Romney Opponents? - West Ashley, SC Patch http://t.co/jMDQoPtL"
Charleston,Charleston_Buzz,157494055541018624,2012-01-12 16:08:03 UTC,Romney-Gekko 2012? http://t.co/VFWYpOm0 #News
Charleston,WCBD,157499092153544705,2012-01-12 16:28:04 UTC,Romney Tells SC Voters He'S 'Pro-Life' Candidate http://t.co/O0WlGiI9
Charleston,CharlestonShop,157507977547481090,2012-01-12 17:03:22 UTC,Romney-Gekko 2012? http://t.co/08C5elvZ #charleston
Charleston,AmericasRight,157508062322765824,2012-01-12 17:03:43 UTC,RT @JedediahBila: Watched the film on Romney/Bain. Sounded like it came right out of a left-wing think tank. Class warfare included.
Charleston,TylerMJones,157509056297304065,2012-01-12 17:07:40 UTC,Good news about BMW. Great for the area that was devastated by Mitt Romney and his vulture capitalist Wall Street buddies.
Charleston,captureit22,157509693756026882,2012-01-12 17:10:12 UTC,King of Bain | When Mitt Romney Came to Town http://t.co/cuRcI2FB
Charleston,dmsn1316,157510804349005825,2012-01-12 17:14:36 UTC,http://t.co/f2MgDeGQ Opinion: Comment shows Romney doesn't get it (from @cnn)
Charleston,dmsn1316,157512480590012416,2012-01-12 17:21:16 UTC,"http://t.co/2Vz4u9pB Opinion: Romney, first Hispanic president? (from @cnn)"
Charleston,dmsn1316,157512818210508801,2012-01-12 17:22:36 UTC,http://t.co/HxgZGU7B John Bolton endorses Romney  (from @cnn)
Charleston,WCBD,157513434076954624,2012-01-12 17:25:03 UTC,Live Streaming Mitt Romney speaking in Florida... http://t.co/FnHYUArR
Charleston,Arnian,157517043741102080,2012-01-12 17:39:24 UTC,"Looks like Newt may be gaining on Romney in SC, talk about a come back if he wins"
Charleston,FXA1,157517133943812096,2012-01-12 17:39:45 UTC,Will you vote for a Romney-Huntsman ticket?
Charleston,kelly_golden,157518142657142784,2012-01-12 17:43:46 UTC,Palin attacks Romney's Bain Capital Record http://t.co/APQUFD7M
Charleston,clesnie,157527627505221632,2012-01-12 18:21:27 UTC,"Out of 1,144 delegates needed to win the #GOP nomination, Romney is only ahead of the pack by single digits. Race ain't over, people."
Charleston,kelly_golden,157528600063655937,2012-01-12 18:25:19 UTC,"JUST IN: Some of the area Biz Leaders Who Support Mitt Romney--E. Bart Daniel, Henry B. Fishburne Jr., John von Lehe, Anita G. Zucker"
Charleston,999draW,157528828439306242,2012-01-12 18:26:14 UTC,@DickMorrisTweet a Romney vote. Like you said. #withNewt #scgop #TCOT #scprimary #newt2012 RALLY AROUND NEWT!
Charleston,TylerMJones,157532270729760768,2012-01-12 18:39:54 UTC,"Zucker was a Huntsman finance team member RT @skropf47: Anita Zucker, Bart Daniel, Henry Fishburne among those endorsing Mirr Romney today"
Charleston,postandcourier,157532895211302912,2012-01-12 18:42:23 UTC,"RT @skropf47: Anita Zucker, Bart Daniel, Henry Fishburne among those endorsing Mitt Romney today. #scpol #scprimary"
Charleston,husbandandme,157533325362339840,2012-01-12 18:44:06 UTC,"RT @postandcourier: RT @skropf47: Anita Zucker, Bart Daniel, Henry Fishburne among those endorsing Mitt Romney today. #scpol #scprimary"
Charleston,CharlestonShop,157541487545032704,2012-01-12 19:16:32 UTC,"Chamber head pushes oil pipeline, defends Romney http://t.co/sMPL482c #CHS #news"
Charleston,kandraarmfiild,157545037922709504,2012-01-12 19:30:38 UTC,"Romney, Haley defend 'free markets,' gird for more attacks - http://t.co/OgRqTMQC http://t.co/gxDPYTFg"
Charleston,LachlanMcIntosh,157545889592909824,2012-01-12 19:34:01 UTC,(SC Forward Progress video) Gordon Gekko for Mitt Romney http://t.co/z1ZVZp7s
Charleston,CharletFaye1,157557707577106432,2012-01-12 20:20:59 UTC,Hmmm RT @mattklewis: @MittRomney strategist attacked Meg Whitman as a “vulture” capitalist http://t.co/0gfuM4qk
Charleston,dbevins23,157558583729463296,2012-01-12 20:24:28 UTC,SC governor #Nikki Hailey is just as corrupt and stupid as #Mitt Romney!! She fought to keep this state a #Right to Work state.
Charleston,dbevins23,157559612814540800,2012-01-12 20:28:33 UTC,It's funny that #Nikki Hailey endorsed #Mitt Romney! We still have one of the highest unemployment rates in tha nation at 9.9%! Jobs? Ha!!!!
Charleston,thespoonfedblog,157561689884196864,2012-01-12 20:36:48 UTC,Why Does the Media Love Romney? http://t.co/VOXKE8Cz #tcot #gop #tlot #dem #liberal #p2
Charleston,micahlmartin,157561714081140736,2012-01-12 20:36:54 UTC,RT @thespoonfedblog: Why Does the Media Love Romney? http://t.co/VOXKE8Cz #tcot #gop #tlot #dem #liberal #p2
Charleston,PatriotActVctms,157562729857691648,2012-01-12 20:40:56 UTC,RT @thespoonfedblog: Why Does the Media Love Romney? http://t.co/VOXKE8Cz #tcot #gop #tlot #dem #liberal #p2
Charleston,WCBD,157575705914380288,2012-01-12 21:32:30 UTC,Gingrich pulls back on Romney attacks in SC http://t.co/ZTa3AeDZ
Charleston,CharlestonShop,157576339120074752,2012-01-12 21:35:01 UTC,Gingrich pulls back on Romney attacks in SC http://t.co/dIk7JpWZ #SouthCarolina #News
Charleston,Charleston_Buzz,157581625360793600,2012-01-12 21:56:01 UTC,Gekko for Romney video released http://t.co/EJZZTjhG #News
Charleston,walterrhett,157581694164144129,2012-01-12 21:56:18 UTC,#Envy is simply part of the canon of faith for those like Romney who believe in a cycle of blame. #SC
Charleston,harmonywho,157581768323641344,2012-01-12 21:56:35 UTC,RT @walterrhett: #Envy is simply part of the canon of faith for those like Romney who believe in a cycle of blame. #SC
Charleston,CharlestonShop,157582255387197440,2012-01-12 21:58:32 UTC,Gekko for Romney video released http://t.co/LBQD8qYP #charleston
Charleston,TheOnlyBoomer,157583583412887552,2012-01-12 22:03:48 UTC,"Mitt Romney Penis Questions, Prank Callers Plague C-SPAN Live Broadcasts (VIDEO) http://t.co/v1U96EqE via @huffingtonpost"
Charleston,walterrhett,157438980068093952,2012-01-12 12:29:12 UTC,"@southerntalker @Joy__Hart @utbrp Gingrich ads big-time smack downs, even ads for the ads/movie WMRCTT #Charleston"
Charleston,CharletFaye1,157461392906125313,2012-01-12 13:58:16 UTC,"#scpol The people I'm talking with in #SC #Charleston  are #withnewt @Newt2012SC @newtgingrich @Newt2012HQ
#2012 #gop http://t.co/qNbcs4me"
Charleston,FakeAvaClear,157478920898351105,2012-01-12 15:07:55 UTC,Must be hard for Newt Gingrich to be running around #SouthCarolina with Princess Leia chained to him
Charleston,zachlamb,157511084234911744,2012-01-12 17:15:43 UTC,Radio ad for @newtgingrich using Bachmann pro-Newt speech from 04. I'm not sure how I feel about that #SCPrimary #sctweets #scpol
Charleston,wisemanwise,157515354594217984,2012-01-12 17:32:41 UTC,@newtgingrich lost my vote w that PAC crap ad all over SC. It's apparent u do not understand the positive function of Prvt Eq in capitalism
Charleston,rezzerektion,157535913390522370,2012-01-12 18:54:23 UTC,"@CNN so when @newtGingrich losses SC, will he finally give up and go away? Follow @MichelleBachmann's Lead! You're DONE! #Republitard"
Charleston,postandcourier,157537826731335680,2012-01-12 19:01:59 UTC,Gingrich tells homeownership rally that TARP money didn't trickle down. Calls for audit. #scnews #scprimary #scpol
Charleston,limitedgov4me,157555379205701632,2012-01-12 20:11:44 UTC,New Poll: Newt Surging in South Carolina into statistical tie for first. #withNewt #tcot #scpol - http://t.co/RTmzDmBa
Charleston,chaplinspeaks,157567876402913280,2012-01-12 21:01:23 UTC,@newtgingrich Smaller govt. esp in public schools - we need to end high-stakes standardized testing!  Welcome to SC!
Charleston,UConnGeorge,157582281932943360,2012-01-12 21:58:38 UTC,New Poll: Newt Surging in South Carolina into statistical tie for first. #withNewt #tcot #scpol - http://t.co/ZU9gGcR2
Charleston,Live5News,157462330886725632,2012-01-12 14:01:59 UTC,Q&A: Jon Huntsman sits down with Live 5's Bill Sharpe during campaign stop in Lowcountry http://t.co/9E1m4Ead #scprimary #scpol #chsnews
Charleston,AkreitmanLive5,157462333101314048,2012-01-12 14:02:00 UTC,Q&A: Jon Huntsman sits down with Live 5's Bill Sharpe during campaign stop in Lowcountry http://t.co/UibLJVxX #scprimary #scpol #chsnews
Charleston,MaryAllston,157492403614388224,2012-01-12 16:01:29 UTC,Met @JonHuntsman and his wife this morning. What a refreshing way to start the day! Wish @Jon2012Girls had been there too. #scgop #chs
Charleston,SamuelRivers,157497122130890752,2012-01-12 16:20:14 UTC,"Governor Huntsman on Daniel Island SC, a good crowd a impressive speech http://t.co/fCUTnIcw"
Charleston,offlede,157499307275206657,2012-01-12 16:28:55 UTC,http://t.co/ARo8jSkO #jonhuntsman said in Daniel Island rally that nation has two deficits: of trust and economy. #scprimary
Charleston,MoultrieNews,157503935542861824,2012-01-12 16:47:19 UTC,Check out Jon Huntsman's visit to the Berkeley County GOP breakfast this morning at Honeycomb Cafe on Daniel... http://t.co/VaSqyjYy
Charleston,Live5News,157532579417952257,2012-01-12 18:41:08 UTC,GOP presidential candidate Jon Huntsman on Daniel Island http://t.co/M7W6O7Dj
Charleston,kudzu_honey,157533221846925312,2012-01-12 18:43:41 UTC,RT @Live5News: GOP presidential candidate Jon Huntsman on Daniel Island http://t.co/M7W6O7Dj
Charleston,offlede,157545884568125440,2012-01-12 19:34:00 UTC,http://t.co/K7k2QizC Had lots of Twitter issues earlier. But here's the story on the #JonHuntsman rally on Daniel Island. #scprimary #chs
Charleston,dpardue1,157550059129540608,2012-01-12 19:50:35 UTC,RT @offlede: http://t.co/K7k2QizC Had lots of Twitter issues earlier. But here's the story on the #JonHuntsman rally on Daniel Island. #scprimary #chs
Charleston,Mr_Conservative,157551998986756096,2012-01-12 19:58:18 UTC,RT @southernavenger: Jon Huntsman Was for Cap and Trade Before He Was Against It http://t.co/GWz2a526
Charleston,MaxLaw843,157584176592322561,2012-01-12 22:06:10 UTC,"['Cause Colbert is a home town guy!]
RT @TIMENewsFeed: Stephen Colbert leads Jon Huntsman in South Carolina poll | http://t.co/XezxoDQX"
